countyFIPS,state,perc_lowedu
1000,AL,13.81930160522461
1001,AL,11.483394622802734
1003,AL,9.193842887878418
1005,AL,26.786907196044922
1007,AL,20.942602157592773
1009,AL,19.509437561035156
1011,AL,25.320377349853516
1013,AL,14.950430870056152
1015,AL,15.567325592041016
1017,AL,18.37824249267578
1019,AL,18.427465438842773
1021,AL,18.218730926513672
1023,AL,18.61935806274414
1025,AL,19.43351173400879
1027,AL,23.311132431030273
1029,AL,20.971281051635742
1031,AL,14.073612213134766
1033,AL,14.843810081481934
1035,AL,15.668516159057617
1037,AL,20.002422332763672
1039,AL,16.58562469482422
1041,AL,20.80495262145996
1043,AL,18.44576072692871
1045,AL,13.879853248596191
1047,AL,18.1564884185791
1049,AL,25.155241012573242
1051,AL,13.37600040435791
1053,AL,18.86383819580078
1055,AL,15.447300910949707
1057,AL,17.40133285522461
1059,AL,22.798999786376953
1061,AL,19.678457260131836
1063,AL,20.78370475769043
1065,AL,15.996371269226074
1067,AL,20.619657516479492
1069,AL,13.95587158203125
1071,AL,16.80586051940918
1073,AL,9.935452461242676
1075,AL,17.657821655273438
1077,AL,12.618306159973145
1079,AL,20.69571876525879
1081,AL,9.117510795593262
1083,AL,15.313457489013672
1085,AL,21.651090621948242
1087,AL,18.199949264526367
1089,AL,8.29916000366211
1091,AL,16.177818298339844
1093,AL,20.425912857055664
1095,AL,18.38949203491211
1097,AL,13.533306121826172
1099,AL,14.35657024383545
1101,AL,13.268247604370117
1103,AL,15.927884101867676
1105,AL,17.16811180114746
1107,AL,18.489133834838867
1109,AL,15.032646179199219
1111,AL,20.366378784179688
1113,AL,16.17934226989746
1115,AL,15.446730613708496
1117,AL,7.328763008117676
1119,AL,13.303659439086914
1121,AL,19.670316696166992
1123,AL,19.34628677368164
1125,AL,11.650755882263184
1127,AL,18.17917823791504
1129,AL,17.371761322021484
1131,AL,23.545122146606445
1133,AL,21.187923431396484
2000,AK,7.1529340744018555
2010,AK,
2013,AK,14.525994300842285
2016,AK,10.54034423828125
2020,AK,6.098400115966797
2050,AK,19.089889526367188
2060,AK,5.984251976013184
2068,AK,1.536570429801941
2070,AK,13.678756713867188
2090,AK,5.507227420806885
2100,AK,2.4864864349365234
2105,AK,6.253653049468994
2110,AK,3.625725746154785
2122,AK,7.323313236236572
2130,AK,7.228790760040283
2150,AK,10.2081937789917
2158,AK,21.122194290161133
2160,AK,
2164,AK,11.98257064819336
2170,AK,7.051301002502441
2180,AK,15.434782981872559
2185,AK,10.269023895263672
2188,AK,17.46257972717285
2195,AK,10.34168529510498
2198,AK,9.199012756347656
2201,AK,
2220,AK,5.287992000579834
2230,AK,5.305651664733887
2231,AK,
2232,AK,
2240,AK,10.137228965759277
2250,AK,
2261,AK,4.629629611968994
2275,AK,13.454545021057129
2280,AK,
2282,AK,8.823529243469238
2290,AK,14.032539367675781
4000,AZ,12.860705375671387
4001,AZ,19.597766876220703
4003,AZ,12.61652946472168
4005,AZ,9.480019569396973
4007,AZ,13.674039840698242
4009,AZ,14.74310302734375
4011,AZ,11.940553665161133
4012,AZ,23.06110954284668
4013,AZ,12.274147987365723
4015,AZ,13.932609558105469
4017,AZ,16.618221282958984
4019,AZ,11.615518569946289
4021,AZ,14.23302936553955
4023,AZ,23.401132583618164
4025,AZ,8.95071792602539
4027,AZ,26.746959686279297
5000,AR,13.430242538452148
5001,AR,16.091121673583984
5003,AR,16.714969635009766
5005,AR,11.269865989685059
5007,AR,11.418171882629395
5009,AR,12.589000701904297
5011,AR,18.962766647338867
5013,AR,15.765401840209961
5015,AR,13.721539497375488
5017,AR,19.231287002563477
5019,AR,10.044795036315918
5021,AR,17.529691696166992
5023,AR,14.053388595581055
5025,AR,10.422881126403809
5027,AR,14.1259126663208
5029,AR,12.950434684753418
5031,AR,10.675134658813477
5033,AR,15.020352363586426
5035,AR,17.38947868347168
5037,AR,16.355424880981445
5039,AR,16.05442237854004
5041,AR,18.93687629699707
5043,AR,13.086356163024902
5045,AR,8.166707992553711
5047,AR,16.276941299438477
5049,AR,14.405152320861816
5051,AR,10.884743690490723
5053,AR,9.198113441467285
5055,AR,11.757664680480957
5057,AR,17.38432502746582
5059,AR,14.16869068145752
5061,AR,14.770526885986328
5063,AR,13.979778289794922
5065,AR,16.213830947875977
5067,AR,19.832881927490234
5069,AR,13.855960845947266
5071,AR,21.112449645996094
5073,AR,20.293697357177734
5075,AR,15.869623184204102
5077,AR,24.1634578704834
5079,AR,18.91603660583496
5081,AR,11.042098045349121
5083,AR,13.769678115844727
5085,AR,10.871637344360352
5087,AR,19.357725143432617
5089,AR,13.492063522338867
5091,AR,13.546407699584961
5093,AR,18.850685119628906
5095,AR,21.14467430114746
5097,AR,20.203380584716797
5099,AR,9.615056037902832
5101,AR,13.517289161682129
5103,AR,13.95604419708252
5105,AR,15.154439926147461
5107,AR,19.72664451599121
5109,AR,12.611295700073242
5111,AR,19.666093826293945
5113,AR,15.078630447387695
5115,AR,15.520604133605957
5117,AR,16.79491424560547
5119,AR,9.648567199707031
5121,AR,17.110857009887695
5123,AR,18.08083152770996
5125,AR,9.3784761428833
5127,AR,20.860122680664062
5129,AR,18.246158599853516
5131,AR,15.937698364257812
5133,AR,23.488676071166992
5135,AR,16.54038429260254
5137,AR,18.84356689453125
5139,AR,15.054366111755371
5141,AR,14.875357627868652
5143,AR,14.998581886291504
5145,AR,15.60421085357666
5147,AR,18.29686737060547
5149,AR,21.7976131439209
6000,CA,16.692171096801758
6001,CA,11.556953430175781
6003,CA,8.831169128417969
6005,CA,9.981844902038574
6007,CA,10.754597663879395
6009,CA,9.825528144836426
6011,CA,28.748994827270508
6013,CA,10.533958435058594
6015,CA,19.94502067565918
6017,CA,6.5891642570495605
6019,CA,24.039581298828125
6021,CA,25.168514251708984
6023,CA,9.529216766357422
6025,CA,30.271055221557617
6027,CA,11.420781135559082
6029,CA,25.90484619140625
6031,CA,26.645572662353516
6033,CA,14.224787712097168
6035,CA,16.833959579467773
6037,CA,20.866573333740234
6039,CA,28.06709861755371
6041,CA,6.7010498046875
6043,CA,9.411678314208984
6045,CA,13.460205078125
6047,CA,30.876375198364258
6049,CA,15.207715034484863
6051,CA,11.433464050292969
6053,CA,28.48317527770996
6055,CA,14.484387397766113
6057,CA,5.639473915100098
6059,CA,14.528754234313965
6061,CA,5.464927673339844
6063,CA,4.89674711227417
6065,CA,17.95894432067871
6067,CA,12.27566146850586
6069,CA,19.549257278442383
6071,CA,20.008663177490234
6073,CA,12.55384349822998
6075,CA,11.534667015075684
6077,CA,20.717073440551758
6079,CA,8.744181632995605
6081,CA,10.409403800964355
6083,CA,19.05508041381836
6085,CA,11.626058578491211
6087,CA,13.6627779006958
6089,CA,8.91135311126709
6091,CA,7.644628047943115
6093,CA,9.768954277038574
6095,CA,11.570337295532227
6097,CA,11.210250854492188
6099,CA,21.095901489257812
6101,CA,21.83278465270996
6103,CA,15.461801528930664
6105,CA,7.636843681335449
6107,CA,29.159648895263672
6109,CA,9.270288467407227
6111,CA,14.953362464904785
6113,CA,13.464643478393555
6115,CA,17.70865821838379
8000,CO,8.253678321838379
8001,CO,16.218717575073242
8003,CO,13.14065933227539
8005,CO,7.3852386474609375
8007,CO,7.664989471435547
8009,CO,13.765336990356445
8011,CO,15.240406036376953
8013,CO,4.980376720428467
8014,CO,3.062223434448242
8015,CO,6.467822074890137
8017,CO,8.370702743530273
8019,CO,1.3828632831573486
8021,CO,12.031782150268555
8023,CO,19.047618865966797
8025,CO,13.906773567199707
8027,CO,6.400839328765869
8029,CO,9.289911270141602
8031,CO,11.978738784790039
8033,CO,6.151645183563232
8035,CO,1.874332308769226
8037,CO,11.743928909301758
8039,CO,3.2740368843078613
8041,CO,5.751412868499756
8043,CO,9.929078102111816
8045,CO,11.92172622680664
8047,CO,1.543774127960205
8049,CO,5.431309700012207
8051,CO,2.62239408493042
8053,CO,6.258890628814697
8055,CO,7.592024326324463
8057,CO,12.628336906433105
8059,CO,5.484240531921387
8061,CO,4.3172688484191895
8063,CO,10.465563774108887
8065,CO,16.268199920654297
8067,CO,4.4527692794799805
8069,CO,4.143094539642334
8071,CO,12.149710655212402
8073,CO,9.084284782409668
8075,CO,10.405806541442871
8077,CO,9.454374313354492
8079,CO,2.582496404647827
8081,CO,11.289778709411621
8083,CO,9.950569152832031
8085,CO,10.987753868103027
8087,CO,21.08037567138672
8089,CO,12.787344932556152
8091,CO,2.2331862449645996
8093,CO,2.31111741065979
8095,CO,11.5
8097,CO,3.1067252159118652
8099,CO,19.500900268554688
8101,CO,10.330058097839355
8103,CO,8.117731094360352
8105,CO,12.958850860595703
8107,CO,3.171520948410034
8109,CO,16.9393253326416
8111,CO,6.1855669021606445
8113,CO,3.190609931945801
8115,CO,13.011152267456055
8117,CO,7.119311809539795
8119,CO,2.7868239879608154
8121,CO,8.112093925476074
8123,CO,11.906481742858887
8125,CO,11.420403480529785
9000,CT,9.369878768920898
9001,CT,9.979247093200684
9003,CT,10.315104484558105
9005,CT,7.043582439422607
9007,CT,5.785490989685059
9009,CT,9.903884887695312
9011,CT,7.674627780914307
9013,CT,4.980902671813965
9015,CT,11.596962928771973
10000,DE,9.98266887664795
10001,DE,12.565436363220215
10003,DE,8.35633373260498
10005,DE,11.879242897033691
11000,DC,9.076815605163574
11001,DC,9.076815605163574
12000,FL,11.810858726501465
12001,FL,7.388891696929932
12003,FL,14.298452377319336
12005,FL,9.338357925415039
12007,FL,20.368227005004883
12009,FL,7.793020248413086
12011,FL,11.046941757202148
12013,FL,23.09958267211914
12015,FL,9.392106056213379
12017,FL,11.626618385314941
12019,FL,8.198331832885742
12021,FL,12.865093231201172
12023,FL,13.870601654052734
12027,FL,26.454566955566406
12029,FL,21.56142807006836
12031,FL,10.200364112854004
12033,FL,9.5219144821167
12035,FL,7.768449306488037
12037,FL,19.335744857788086
12039,FL,20.170446395874023
12041,FL,14.614068031311035
12043,FL,25.499412536621094
12045,FL,14.547431945800781
12047,FL,26.963804244995117
12049,FL,22.844877243041992
12051,FL,33.683921813964844
12053,FL,12.119908332824707
12055,FL,14.265830039978027
12057,FL,11.334619522094727
12059,FL,21.313920974731445
12061,FL,10.64014720916748
12063,FL,19.513307571411133
12065,FL,18.032787322998047
12067,FL,24.738969802856445
12069,FL,10.504120826721191
12071,FL,11.590243339538574
12073,FL,6.478809356689453
12075,FL,15.113962173461914
12077,FL,18.634685516357422
12079,FL,18.992277145385742
12081,FL,10.303682327270508
12083,FL,12.428523063659668
12085,FL,9.037755966186523
12086,FL,18.55185890197754
12087,FL,8.580986022949219
12089,FL,8.703055381774902
12091,FL,7.605762481689453
12093,FL,22.823984146118164
12095,FL,11.466924667358398
12097,FL,13.269094467163086
12099,FL,11.510698318481445
12101,FL,10.514039993286133
12103,FL,8.712347984313965
12105,FL,14.950048446655273
12107,FL,18.174341201782227
12109,FL,5.1763811111450195
12111,FL,13.687623977661133
12113,FL,8.66198444366455
12115,FL,6.9056501388549805
12117,FL,5.71193790435791
12119,FL,7.857518196105957
12121,FL,17.661794662475586
12123,FL,21.229814529418945
12125,FL,23.497949600219727
12127,FL,9.494902610778809
12129,FL,12.273487091064453
12131,FL,10.851922988891602
12133,FL,18.74615478515625
13000,GA,12.855141639709473
13001,GA,25.0732421875
13003,GA,32.78845977783203
13005,GA,17.922218322753906
13007,GA,19.386394500732422
13009,GA,14.213702201843262
13011,GA,24.116376876831055
13013,GA,15.4683256149292
13015,GA,16.372695922851562
13017,GA,16.46805763244629
13019,GA,20.973243713378906
13021,GA,14.008666038513184
13023,GA,11.438033103942871
13025,GA,21.146615982055664
13027,GA,14.86669635772705
13029,GA,8.370081901550293
13031,GA,12.651268005371094
13033,GA,19.914447784423828
13035,GA,19.40175437927246
13037,GA,27.112525939941406
13039,GA,8.674060821533203
13043,GA,22.69001007080078
13045,GA,15.37413501739502
13047,GA,12.5220308303833
13049,GA,25.861125946044922
13051,GA,10.099211692810059
13053,GA,5.72042179107666
13055,GA,26.170574188232422
13057,GA,7.896920680999756
13059,GA,12.02160358428955
13061,GA,19.981792449951172
13063,GA,15.175127983093262
13065,GA,30.82825469970703
13067,GA,7.908668041229248
13069,GA,24.283233642578125
13071,GA,25.25434112548828
13073,GA,7.257516384124756
13075,GA,20.863563537597656
13077,GA,10.842065811157227
13079,GA,16.861934661865234
13081,GA,17.191730499267578
13083,GA,19.251192092895508
13085,GA,12.821682929992676
13087,GA,17.476329803466797
13089,GA,10.672348976135254
13091,GA,14.409628868103027
13093,GA,22.320798873901367
13095,GA,16.64754867553711
13097,GA,12.203023910522461
13099,GA,19.601524353027344
13101,GA,25.842294692993164
13103,GA,11.685644149780273
13105,GA,21.573318481445312
13107,GA,21.40985107421875
13109,GA,23.810184478759766
13111,GA,13.40622329711914
13113,GA,4.666194438934326
13115,GA,17.562021255493164
13117,GA,7.044013500213623
13119,GA,17.72331428527832
13121,GA,7.433854103088379
13123,GA,18.279666900634766
13125,GA,21.75404167175293
13127,GA,11.903876304626465
13129,GA,22.110118865966797
13131,GA,19.866533279418945
13133,GA,14.716629028320312
13135,GA,12.341329574584961
13137,GA,20.38370132446289
13139,GA,20.898618698120117
13141,GA,25.842185974121094
13143,GA,18.759729385375977
13145,GA,7.820341110229492
13147,GA,18.518320083618164
13149,GA,20.338563919067383
13151,GA,8.767904281616211
13153,GA,8.44903564453125
13155,GA,18.547611236572266
13157,GA,15.9408597946167
13159,GA,17.23351287841797
13161,GA,20.7498722076416
13163,GA,23.588539123535156
13165,GA,20.728578567504883
13167,GA,24.852920532226562
13169,GA,10.894466400146484
13171,GA,12.952898979187012
13173,GA,20.029197692871094
13175,GA,14.102523803710938
13177,GA,9.143566131591797
13179,GA,9.300884246826172
13181,GA,17.85218620300293
13183,GA,12.34420394897461
13185,GA,13.362404823303223
13187,GA,15.247097969055176
13189,GA,16.61943817138672
13191,GA,14.832233428955078
13193,GA,26.40915298461914
13195,GA,16.846179962158203
13197,GA,22.174488067626953
13199,GA,20.283496856689453
13201,GA,17.400827407836914
13205,GA,22.79020881652832
13207,GA,14.317943572998047
13209,GA,18.260149002075195
13211,GA,12.340093612670898
13213,GA,29.267555236816406
13215,GA,11.952871322631836
13217,GA,13.368366241455078
13219,GA,5.465838432312012
13221,GA,20.26125144958496
13223,GA,10.630313873291016
13225,GA,17.011884689331055
13227,GA,14.669059753417969
13229,GA,16.610090255737305
13231,GA,11.836833000183105
13233,GA,21.229862213134766
13235,GA,18.936399459838867
13237,GA,12.411550521850586
13239,GA,35.32763671875
13241,GA,15.22646713256836
13243,GA,25.480154037475586
13245,GA,15.858166694641113
13247,GA,11.246612548828125
13249,GA,12.411556243896484
13251,GA,16.539806365966797
13253,GA,14.026017189025879
13255,GA,18.140987396240234
13257,GA,17.931943893432617
13259,GA,31.901840209960938
13261,GA,18.560546875
13263,GA,17.67708969116211
13265,GA,28.98785400390625
13267,GA,24.172260284423828
13269,GA,21.505565643310547
13271,GA,29.68737030029297
13273,GA,22.518766403198242
13275,GA,15.14543342590332
13277,GA,18.07677459716797
13279,GA,19.900836944580078
13281,GA,10.07779312133789
13283,GA,26.27442741394043
13285,GA,16.598861694335938
13287,GA,18.802804946899414
13289,GA,25.813764572143555
13291,GA,10.954978942871094
13293,GA,17.719894409179688
13295,GA,18.02208137512207
13297,GA,13.10823917388916
13299,GA,18.60854721069336
13301,GA,26.80174446105957
13303,GA,18.721973419189453
13305,GA,16.618396759033203
13307,GA,20.735607147216797
13309,GA,19.15560531616211
13311,GA,14.800152778625488
13313,GA,30.531896591186523
13315,GA,17.876216888427734
13317,GA,16.310623168945312
13319,GA,15.57547664642334
13321,GA,17.113126754760742
15000,HI,8.028257369995117
15001,HI,7.6836748123168945
15003,HI,8.138725280761719
15005,HI,9.677419662475586
15007,HI,7.525660037994385
15009,HI,8.020013809204102
16000,ID,9.226699829101562
16001,ID,4.839291095733643
16003,ID,9.753817558288574
16005,ID,7.546161651611328
16007,ID,6.488933563232422
16009,ID,12.447940826416016
16011,ID,10.848491668701172
16013,ID,11.324799537658691
16015,ID,5.689925193786621
16017,ID,9.159666061401367
16019,ID,8.047868728637695
16021,ID,8.214811325073242
16023,ID,7.217573165893555
16025,ID,6.693989276885986
16027,ID,14.898797988891602
16029,ID,8.787466049194336
16031,ID,16.386764526367188
16033,ID,40.181819915771484
16035,ID,9.58074951171875
16037,ID,10.610328674316406
16039,ID,10.07516098022461
16041,ID,9.676607131958008
16043,ID,13.43319034576416
16045,ID,12.188597679138184
16047,ID,20.942407608032227
16049,ID,9.479338645935059
16051,ID,9.845536231994629
16053,ID,22.788148880004883
16055,ID,6.848812580108643
16057,ID,4.158265113830566
16059,ID,7.915611743927002
16061,ID,11.524300575256348
16063,ID,23.4156494140625
16065,ID,4.08687686920166
16067,ID,20.794374465942383
16069,ID,7.953166484832764
16071,ID,9.795321464538574
16073,ID,23.856252670288086
16075,ID,14.339054107666016
16077,ID,20.773725509643555
16079,ID,13.813715934753418
16081,ID,6.245131015777588
16083,ID,12.905553817749023
16085,ID,5.39906120300293
16087,ID,14.969807624816895
17000,IL,10.787586212158203
17001,IL,7.481842994689941
17003,IL,13.453413009643555
17005,IL,10.782727241516113
17007,IL,13.793990135192871
17009,IL,16.98539924621582
17011,IL,9.180730819702148
17013,IL,8.424068450927734
17015,IL,8.8342866897583
17017,IL,15.970833778381348
17019,IL,5.0006561279296875
17021,IL,10.302006721496582
17023,IL,7.183986663818359
17025,IL,12.026129722595215
17027,IL,9.913922309875488
17029,IL,8.63444709777832
17031,IL,12.874430656433105
17033,IL,14.997096061706543
17035,IL,9.402495384216309
17037,IL,7.6991987228393555
17039,IL,8.479043960571289
17041,IL,16.777244567871094
17043,IL,6.9976701736450195
17045,IL,9.924930572509766
17047,IL,8.01594352722168
17049,IL,6.937849998474121
17051,IL,16.199438095092773
17053,IL,9.561753273010254
17055,IL,11.069506645202637
17057,IL,11.350862503051758
17059,IL,13.093952178955078
17061,IL,9.415166854858398
17063,IL,6.793301582336426
17065,IL,12.867012023925781
17067,IL,6.561679840087891
17069,IL,20.361083984375
17071,IL,8.806146621704102
17073,IL,8.795626640319824
17075,IL,10.514291763305664
17077,IL,8.104559898376465
17079,IL,10.22778034210205
17081,IL,12.571773529052734
17083,IL,7.746248245239258
17085,IL,7.730456829071045
17087,IL,17.756298065185547
17089,IL,15.39588451385498
17091,IL,11.798523902893066
17093,IL,7.5552191734313965
17095,IL,10.943364143371582
17097,IL,9.364921569824219
17099,IL,11.408605575561523
17101,IL,15.123144149780273
17103,IL,11.225878715515137
17105,IL,10.092789649963379
17107,IL,11.28454303741455
17109,IL,6.425592422485352
17111,IL,6.854381561279297
17113,IL,4.052236557006836
17115,IL,9.58446216583252
17117,IL,8.68770694732666
17119,IL,7.54901647567749
17121,IL,11.034456253051758
17123,IL,7.12755823135376
17125,IL,10.818209648132324
17127,IL,13.23221206665039
17129,IL,5.930165767669678
17131,IL,8.073641777038574
17133,IL,4.034128665924072
17135,IL,12.318045616149902
17137,IL,9.111540794372559
17139,IL,15.251667976379395
17141,IL,9.769742965698242
17143,IL,9.08299446105957
17145,IL,16.691543579101562
17147,IL,6.120511054992676
17149,IL,11.308001518249512
17151,IL,14.015605926513672
17153,IL,11.24807357788086
17155,IL,7.299787521362305
17157,IL,15.664037704467773
17159,IL,10.88676643371582
17161,IL,11.37686538696289
17163,IL,8.94837760925293
17165,IL,13.311517715454102
17167,IL,7.54327392578125
17169,IL,10.587102890014648
17171,IL,6.503378391265869
17173,IL,7.703665733337402
17175,IL,8.687806129455566
17177,IL,7.471497535705566
17179,IL,7.27960729598999
17181,IL,11.592544555664062
17183,IL,11.54188346862793
17185,IL,9.420112609863281
17187,IL,13.348799705505371
17189,IL,7.790536403656006
17191,IL,12.060737609863281
17193,IL,10.057384490966797
17195,IL,9.4049072265625
17197,IL,8.962615966796875
17199,IL,7.69570255279541
17201,IL,12.327947616577148
17203,IL,5.230639457702637
18000,IN,11.181374549865723
18001,IN,15.291902542114258
18003,IN,10.64982795715332
18005,IN,9.423784255981445
18007,IN,10.1112060546875
18009,IN,10.58449935913086
18011,IN,6.347703456878662
18013,IN,7.899571418762207
18015,IN,11.555206298828125
18017,IN,14.62838077545166
18019,IN,10.554737091064453
18021,IN,8.635540962219238
18023,IN,14.34918212890625
18025,IN,19.55609703063965
18027,IN,26.194992065429688
18029,IN,10.376725196838379
18031,IN,9.058843612670898
18033,IN,9.765449523925781
18035,IN,10.273085594177246
18037,IN,10.731008529663086
18039,IN,19.228130340576172
18041,IN,17.920108795166016
18043,IN,9.215055465698242
18045,IN,11.001129150390625
18047,IN,12.652771949768066
18049,IN,12.22366714477539
18051,IN,8.12434196472168
18053,IN,12.787979125976562
18055,IN,12.058513641357422
18057,IN,3.2135934829711914
18059,IN,7.120935440063477
18061,IN,11.558381080627441
18063,IN,6.004351615905762
18065,IN,10.689133644104004
18067,IN,10.492603302001953
18069,IN,8.161796569824219
18071,IN,12.688508987426758
18073,IN,11.778803825378418
18075,IN,11.975263595581055
18077,IN,10.29985237121582
18079,IN,12.208627700805664
18081,IN,7.895224571228027
18083,IN,11.309669494628906
18085,IN,14.324385643005371
18087,IN,38.217491149902344
18089,IN,11.34349250793457
18091,IN,11.529097557067871
18093,IN,11.746417045593262
18095,IN,11.590807914733887
18097,IN,13.949029922485352
18099,IN,15.064258575439453
18101,IN,11.910112380981445
18103,IN,13.860949516296387
18105,IN,7.270166397094727
18107,IN,10.245965003967285
18109,IN,11.889561653137207
18111,IN,14.252549171447754
18113,IN,16.395938873291016
18115,IN,12.354418754577637
18117,IN,16.827667236328125
18119,IN,14.593221664428711
18121,IN,13.80026626586914
18123,IN,9.702533721923828
18125,IN,13.210145950317383
18127,IN,6.413537979125977
18129,IN,6.5856242179870605
18131,IN,11.526551246643066
18133,IN,11.132607460021973
18135,IN,12.493504524230957
18137,IN,10.673456192016602
18139,IN,12.643279075622559
18141,IN,11.472944259643555
18143,IN,16.780155181884766
18145,IN,12.663515090942383
18147,IN,9.503959655761719
18149,IN,15.097803115844727
18151,IN,8.8513822555542
18153,IN,11.264583587646484
18155,IN,16.145044326782227
18157,IN,8.367508888244629
18159,IN,10.703731536865234
18161,IN,12.564509391784668
18163,IN,9.919473648071289
18165,IN,9.035096168518066
18167,IN,11.641075134277344
18169,IN,11.209166526794434
18171,IN,8.044218063354492
18173,IN,6.75808048248291
18175,IN,14.951626777648926
18177,IN,13.530186653137207
18179,IN,7.753122806549072
18181,IN,11.236090660095215
18183,IN,8.155056953430176
19000,IA,7.908791542053223
19001,IA,5.786901473999023
19003,IA,6.235912799835205
19005,IA,11.734905242919922
19007,IA,9.841590881347656
19009,IA,10.52109146118164
19011,IA,5.915159702301025
19013,IA,8.60507869720459
19015,IA,6.082173824310303
19017,IA,3.5975165367126465
19019,IA,5.89789342880249
19021,IA,21.553646087646484
19023,IA,7.489543914794922
19025,IA,6.188366413116455
19027,IA,6.459816932678223
19029,IA,11.992283821105957
19031,IA,4.424368858337402
19033,IA,7.324653148651123
19035,IA,6.880958080291748
19037,IA,7.166123867034912
19039,IA,12.237872123718262
19041,IA,6.436862468719482
19043,IA,10.06373405456543
19045,IA,9.096477508544922
19047,IA,19.834413528442383
19049,IA,4.365170001983643
19051,IA,16.881258010864258
19053,IA,10.929752349853516
19055,IA,8.302238464355469
19057,IA,7.962375640869141
19059,IA,4.000627517700195
19061,IA,7.294847011566162
19063,IA,9.32674503326416
19065,IA,8.293391227722168
19067,IA,9.90700626373291
19069,IA,8.899561882019043
19071,IA,7.878909587860107
19073,IA,6.5831217765808105
19075,IA,5.447380542755127
19077,IA,6.8869428634643555
19079,IA,6.72037935256958
19081,IA,6.651913642883301
19083,IA,7.560674667358398
19085,IA,8.480064392089844
19087,IA,7.446730613708496
19089,IA,9.09235668182373
19091,IA,7.178033351898193
19093,IA,6.780721664428711
19095,IA,6.181270122528076
19097,IA,7.44189453125
19099,IA,6.093671798706055
19101,IA,6.805514812469482
19103,IA,5.059632778167725
19105,IA,7.659284591674805
19107,IA,7.125890731811523
19109,IA,6.0807600021362305
19111,IA,7.036502361297607
19113,IA,5.506293296813965
19115,IA,15.88906192779541
19117,IA,7.924781799316406
19119,IA,9.408214569091797
19121,IA,5.773083209991455
19123,IA,7.829229354858398
19125,IA,6.683348655700684
19127,IA,16.152772903442383
19129,IA,7.214098930358887
19131,IA,8.218612670898438
19133,IA,7.715320587158203
19135,IA,12.269596099853516
19137,IA,9.561981201171875
19139,IA,11.031953811645508
19141,IA,7.851325988769531
19143,IA,11.55294132232666
19145,IA,8.47777271270752
19147,IA,7.306753635406494
19149,IA,6.89060640335083
19151,IA,7.8121795654296875
19153,IA,8.47933578491211
19155,IA,10.535143852233887
19157,IA,6.066649913787842
19159,IA,7.254787921905518
19161,IA,7.203572750091553
19163,IA,7.17142391204834
19165,IA,7.576493263244629
19167,IA,9.756333351135254
19169,IA,2.8438165187835693
19171,IA,8.726333618164062
19173,IA,9.824150085449219
19175,IA,9.740490913391113
19177,IA,10.801115989685059
19179,IA,11.85336685180664
19181,IA,4.641196250915527
19183,IA,8.578926086425781
19185,IA,12.101764678955078
19187,IA,9.527865409851074
19189,IA,7.5593647956848145
19191,IA,4.76441764831543
19193,IA,12.929594039916992
19195,IA,6.691943168640137
19197,IA,7.648853302001953
20000,KS,9.048409461975098
20001,KS,8.095794677734375
20003,KS,8.976076126098633
20005,KS,7.261963367462158
20007,KS,8.861940383911133
20009,KS,10.521306037902832
20011,KS,8.67785930633545
20013,KS,6.795968055725098
20015,KS,7.515005111694336
20017,KS,8.186813354492188
20019,KS,13.400335311889648
20021,KS,10.123385429382324
20023,KS,6.439790725708008
20025,KS,5.23708438873291
20027,KS,7.142857074737549
20029,KS,7.048825263977051
20031,KS,7.286130428314209
20033,KS,6.089743614196777
20035,KS,9.337388038635254
20037,KS,7.8973388671875
20039,KS,6.008383750915527
20041,KS,8.547991752624512
20043,KS,9.674195289611816
20045,KS,4.633719444274902
20047,KS,14.623757362365723
20049,KS,11.518046379089355
20051,KS,6.69187593460083
20053,KS,8.383101463317871
20055,KS,28.985641479492188
20057,KS,26.443111419677734
20059,KS,7.836147785186768
20061,KS,6.22674560546875
20063,KS,7.948051929473877
20065,KS,7.424960613250732
20067,KS,22.98094367980957
20069,KS,22.63102149963379
20071,KS,12.962963104248047
20073,KS,7.587769031524658
20075,KS,19.15915870666504
20077,KS,10.367115020751953
20079,KS,9.54371452331543
20081,KS,27.598711013793945
20083,KS,8.931297302246094
20085,KS,5.375140190124512
20087,KS,6.484976768493652
20089,KS,6.863636493682861
20091,KS,4.04081392288208
20093,KS,24.067649841308594
20095,KS,6.42307710647583
20097,KS,11.811997413635254
20099,KS,10.19522762298584
20101,KS,5.716963291168213
20103,KS,7.8211469650268555
20105,KS,6.707316875457764
20107,KS,10.263157844543457
20109,KS,8.981722831726074
20111,KS,11.736924171447754
20113,KS,8.742663383483887
20115,KS,8.43490982055664
20117,KS,7.803510665893555
20119,KS,19.31735610961914
20121,KS,4.039647579193115
20123,KS,5.180722713470459
20125,KS,11.173896789550781
20127,KS,8.809700965881348
20129,KS,16.004297256469727
20131,KS,5.828174591064453
20133,KS,9.213212013244629
20135,KS,9.086584091186523
20137,KS,10.946893692016602
20139,KS,9.243085861206055
20141,KS,6.072555065155029
20143,KS,5.0685601234436035
20145,KS,9.382566452026367
20147,KS,7.64484977722168
20149,KS,5.755586624145508
20151,KS,7.915437698364258
20153,KS,4.2253522872924805
20155,KS,11.483898162841797
20157,KS,4.071470260620117
20159,KS,8.42155933380127
20161,KS,4.244045734405518
20163,KS,11.321806907653809
20165,KS,7.871853351593018
20167,KS,11.9420747756958
20169,KS,8.525209426879883
20171,KS,15.55417537689209
20173,KS,10.373648643493652
20175,KS,33.70734405517578
20177,KS,7.775050163269043
20179,KS,3.9075398445129395
20181,KS,7.6678876876831055
20183,KS,6.960384845733643
20185,KS,9.3208589553833
20187,KS,21.490196228027344
20189,KS,21.783584594726562
20191,KS,7.710041046142578
20193,KS,6.739780426025391
20195,KS,6.751054763793945
20197,KS,4.6147332191467285
20199,KS,5.3271026611328125
20201,KS,8.400311470031738
20203,KS,13.399999618530273
20205,KS,11.505752563476562
20207,KS,9.315424919128418
20209,KS,21.125925064086914
21000,KY,13.738696098327637
21001,KY,20.433366775512695
21003,KY,17.85392189025879
21005,KY,10.111263275146484
21007,KY,12.820056915283203
21009,KY,16.962373733520508
21011,KY,23.130329132080078
21013,KY,30.366769790649414
21015,KY,6.854363918304443
21017,KY,16.024181365966797
21019,KY,11.788677215576172
21021,KY,12.883252143859863
21023,KY,14.268250465393066
21025,KY,24.41620445251465
21027,KY,15.943060874938965
21029,KY,11.52834701538086
21031,KY,20.35821533203125
21033,KY,12.984257698059082
21035,KY,10.519125938415527
21037,KY,9.242602348327637
21039,KY,16.661699295043945
21041,KY,21.733074188232422
21043,KY,20.820798873901367
21045,KY,23.959657669067383
21047,KY,14.446331024169922
21049,KY,13.800332069396973
21051,KY,35.29573440551758
21053,KY,26.7639217376709
21055,KY,16.17716407775879
21057,KY,18.235897064208984
21059,KY,9.997639656066895
21061,KY,21.88245964050293
21063,KY,24.950281143188477
21065,KY,24.396757125854492
21067,KY,8.77447509765625
21069,KY,20.391401290893555
21071,KY,24.765134811401367
21073,KY,11.012943267822266
21075,KY,20.91578483581543
21077,KY,18.82916831970215
21079,KY,18.974979400634766
21081,KY,13.404109954833984
21083,KY,12.578441619873047
21085,KY,18.547122955322266
21087,KY,24.50881576538086
21089,KY,11.007616996765137
21091,KY,14.567605018615723
21093,KY,9.45814037322998
21095,KY,27.23966407775879
21097,KY,17.931087493896484
21099,KY,23.807634353637695
21101,KY,13.09665298461914
21103,KY,14.87057113647461
21105,KY,19.908676147460938
21107,KY,13.293280601501465
21109,KY,25.354515075683594
21111,KY,9.389695167541504
21113,KY,12.699143409729004
21115,KY,19.37921142578125
21117,KY,10.136054039001465
21119,KY,24.9266300201416
21121,KY,26.513132095336914
21123,KY,15.97787857055664
21125,KY,18.948707580566406
21127,KY,24.884450912475586
21129,KY,31.882305145263672
21131,KY,28.658950805664062
21133,KY,24.315670013427734
21135,KY,24.168607711791992
21137,KY,20.12389373779297
21139,KY,16.235504150390625
21141,KY,15.053471565246582
21143,KY,12.204784393310547
21145,KY,9.544851303100586
21147,KY,23.442014694213867
21149,KY,12.670384407043457
21151,KY,12.510110855102539
21153,KY,30.265567779541016
21155,KY,18.545822143554688
21157,KY,11.345797538757324
21159,KY,25.643447875976562
21161,KY,13.692805290222168
21163,KY,11.314889907836914
21165,KY,22.600553512573242
21167,KY,15.60015869140625
21169,KY,24.445392608642578
21171,KY,25.175296783447266
21173,KY,15.206429481506348
21175,KY,23.737937927246094
21177,KY,17.865684509277344
21179,KY,10.229180335998535
21181,KY,24.181930541992188
21183,KY,16.706371307373047
21185,KY,6.167037487030029
21187,KY,20.66279411315918
21189,KY,31.239883422851562
21191,KY,16.173255920410156
21193,KY,23.091693878173828
21195,KY,23.025039672851562
21197,KY,19.704021453857422
21199,KY,17.17601203918457
21201,KY,15.262109756469727
21203,KY,21.564498901367188
21205,KY,15.833041191101074
21207,KY,21.520095825195312
21209,KY,9.002808570861816
21211,KY,13.487726211547852
21213,KY,13.029315948486328
21215,KY,9.624268531799316
21217,KY,12.873838424682617
21219,KY,22.53866958618164
21221,KY,11.994569778442383
21223,KY,17.201797485351562
21225,KY,9.963254928588867
21227,KY,11.886911392211914
21229,KY,16.046369552612305
21231,KY,25.423383712768555
21233,KY,17.547544479370117
21235,KY,18.560409545898438
21237,KY,28.218013763427734
21239,KY,8.938913345336914
22000,LA,14.773868560791016
22001,LA,21.048416137695312
22003,LA,20.301759719848633
22005,LA,11.363493919372559
22007,LA,25.64897346496582
22009,LA,23.204957962036133
22011,LA,14.685626029968262
22013,LA,15.884095191955566
22015,LA,10.347840309143066
22017,LA,12.982887268066406
22019,LA,13.167203903198242
22021,LA,23.340248107910156
22023,LA,15.283843040466309
22025,LA,25.701847076416016
22027,LA,20.471651077270508
22029,LA,19.822328567504883
22031,LA,17.440855026245117
22033,LA,9.523452758789062
22035,LA,29.457523345947266
22037,LA,19.952327728271484
22039,LA,24.255319595336914
22041,LA,25.02771759033203
22043,LA,17.538597106933594
22045,LA,20.05559730529785
22047,LA,20.355979919433594
22049,LA,19.35541343688965
22051,LA,14.330134391784668
22053,LA,18.73255729675293
22055,LA,11.351284980773926
22057,LA,21.760879516601562
22059,LA,22.42878532409668
22061,LA,11.528036117553711
22063,LA,14.817679405212402
22065,LA,26.1470947265625
22067,LA,20.452281951904297
22069,LA,11.592312812805176
22071,LA,13.459875106811523
22073,LA,13.463440895080566
22075,LA,16.264352798461914
22077,LA,20.169050216674805
22079,LA,14.489368438720703
22081,LA,19.240068435668945
22083,LA,21.72273826599121
22085,LA,14.25810718536377
22087,LA,19.813066482543945
22089,LA,9.9786958694458
22091,LA,22.460542678833008
22093,LA,14.63814640045166
22095,LA,13.921582221984863
22097,LA,23.282655715942383
22099,LA,18.119068145751953
22101,LA,17.189220428466797
22103,LA,9.453801155090332
22105,LA,16.362239837646484
22107,LA,22.548091888427734
22109,LA,21.04169464111328
22111,LA,14.312125205993652
22113,LA,22.143125534057617
22115,LA,13.187724113464355
22117,LA,20.542512893676758
22119,LA,16.13258934020996
22121,LA,12.818042755126953
22123,LA,21.1833553314209
22125,LA,17.91277313232422
22127,LA,18.159496307373047
23000,ME,7.389769554138184
23001,ME,9.818536758422852
23003,ME,11.428003311157227
23005,ME,4.85111141204834
23007,ME,7.4343414306640625
23009,ME,5.93668794631958
23011,ME,7.475391387939453
23013,ME,6.430332660675049
23015,ME,6.929827690124512
23017,ME,8.059394836425781
23019,ME,8.017573356628418
23021,ME,9.737740516662598
23023,ME,6.000678062438965
23025,ME,11.59567642211914
23027,ME,7.84052038192749
23029,ME,10.702384948730469
23031,ME,6.782627105712891
24000,MD,9.79613971710205
24001,MD,9.793473243713379
24003,MD,7.568905353546143
24005,MD,8.51885986328125
24009,MD,5.301697731018066
24011,MD,15.706875801086426
24013,MD,7.264572620391846
24015,MD,10.529208183288574
24017,MD,6.81809663772583
24019,MD,12.07390022277832
24021,MD,7.4899067878723145
24023,MD,10.194672584533691
24025,MD,7.335083484649658
24027,MD,4.512773036956787
24029,MD,11.368693351745605
24031,MD,9.01225757598877
24033,MD,13.25952434539795
24035,MD,6.805104732513428
24037,MD,10.22912311553955
24039,MD,18.684288024902344
24041,MD,8.75478744506836
24043,MD,12.792280197143555
24045,MD,12.77960205078125
24047,MD,8.675671577453613
24510,MD,14.789041519165039
25000,MA,9.242436408996582
25001,MA,4.537095546722412
25003,MA,8.653970718383789
25005,MA,14.305971145629883
25007,MA,5.162195682525635
25009,MA,10.72690200805664
25011,MA,6.7211079597473145
25013,MA,14.19908618927002
25015,MA,5.2500176429748535
25017,MA,6.5599894523620605
25019,MA,4.3701171875
25021,MA,6.0771870613098145
25023,MA,7.0627217292785645
25025,MA,13.651061058044434
25027,MA,9.25073528289795
26000,MI,9.190457344055176
26001,MI,10.65304183959961
26003,MI,10.111556053161621
26005,MI,9.075209617614746
26007,MI,8.13519287109375
26009,MI,8.340971946716309
26011,MI,11.518876075744629
26013,MI,10.781800270080566
26015,MI,7.344712734222412
26017,MI,9.538865089416504
26019,MI,6.720854759216309
26021,MI,10.319709777832031
26023,MI,10.853071212768555
26025,MI,8.9524564743042
26027,MI,12.309992790222168
26029,MI,5.981531620025635
26031,MI,9.878887176513672
26033,MI,9.955046653747559
26035,MI,15.482922554016113
26037,MI,5.485960483551025
26039,MI,10.077371597290039
26041,MI,5.905243873596191
26043,MI,5.018827438354492
26045,MI,5.714844226837158
26047,MI,6.147523880004883
26049,MI,9.383992195129395
26051,MI,13.027328491210938
26053,MI,6.311226844787598
26055,MI,4.801165580749512
26057,MI,8.902266502380371
26059,MI,11.82021713256836
26061,MI,7.18503475189209
26063,MI,10.9021577835083
26065,MI,7.051656723022461
26067,MI,9.450332641601562
26069,MI,11.069034576416016
26071,MI,8.874856948852539
26073,MI,8.540108680725098
26075,MI,9.231593132019043
26077,MI,6.4303154945373535
26079,MI,12.692670822143555
26081,MI,9.281272888183594
26083,MI,3.581914186477661
26085,MI,17.560922622680664
26087,MI,9.114767074584961
26089,MI,4.340288162231445
26091,MI,9.106858253479004
26093,MI,4.825838088989258
26095,MI,11.582688331604004
26097,MI,9.30676555633545
26099,MI,10.061190605163574
26101,MI,10.149351119995117
26103,MI,5.042394638061523
26105,MI,7.888343811035156
26107,MI,9.782366752624512
26109,MI,7.489089488983154
26111,MI,5.761126518249512
26113,MI,10.489510536193848
26115,MI,8.577077865600586
26117,MI,11.332003593444824
26119,MI,13.059953689575195
26121,MI,8.735067367553711
26123,MI,11.896010398864746
26125,MI,5.851759433746338
26127,MI,12.756427764892578
26129,MI,14.103382110595703
26131,MI,7.5386199951171875
26133,MI,11.309998512268066
26135,MI,16.57161521911621
26137,MI,7.974967002868652
26139,MI,7.01737642288208
26141,MI,10.429880142211914
26143,MI,10.051287651062012
26145,MI,10.621158599853516
26147,MI,9.223309516906738
26149,MI,13.0112886428833
26151,MI,11.640427589416504
26153,MI,9.40489673614502
26155,MI,7.7930731773376465
26157,MI,10.661008834838867
26159,MI,12.905097961425781
26161,MI,4.720676422119141
26163,MI,13.517261505126953
26165,MI,10.395181655883789
27000,MN,6.859513282775879
27001,MN,8.75959587097168
27003,MN,6.016981601715088
27005,MN,6.864723205566406
27007,MN,7.866311073303223
27009,MN,8.288800239562988
27011,MN,7.350521087646484
27013,MN,5.470616817474365
27015,MN,6.48249626159668
27017,MN,6.0173869132995605
27019,MN,3.876436710357666
27021,MN,7.790746688842773
27023,MN,10.636749267578125
27025,MN,5.364304065704346
27027,MN,5.110586643218994
27029,MN,13.916071891784668
27031,MN,2.895843029022217
27033,MN,10.627400398254395
27035,MN,5.920422077178955
27037,MN,4.946718215942383
27039,MN,5.137439250946045
27041,MN,4.894037246704102
27043,MN,7.370982646942139
27045,MN,8.998960494995117
27047,MN,11.20705509185791
27049,MN,5.6334147453308105
27051,MN,7.088846683502197
27053,MN,6.662693500518799
27055,MN,4.854077339172363
27057,MN,6.962769508361816
27059,MN,7.485682487487793
27061,MN,6.010677337646484
27063,MN,7.325955867767334
27065,MN,9.768659591674805
27067,MN,10.984204292297363
27069,MN,5.459863662719727
27071,MN,8.130341529846191
27073,MN,6.737731456756592
27075,MN,5.343040466308594
27077,MN,7.015669345855713
27079,MN,6.123610019683838
27081,MN,8.072198867797852
27083,MN,8.004626274108887
27085,MN,6.8731303215026855
27087,MN,13.124065399169922
27089,MN,9.96180248260498
27091,MN,6.816079616546631
27093,MN,7.388850212097168
27095,MN,10.163970947265625
27097,MN,9.310629844665527
27099,MN,12.359801292419434
27101,MN,9.762223243713379
27103,MN,5.987997055053711
27105,MN,23.745174407958984
27107,MN,8.094921112060547
27109,MN,5.398641586303711
27111,MN,7.906091213226318
27113,MN,6.842429161071777
27115,MN,9.572473526000977
27117,MN,10.355935096740723
27119,MN,8.124557495117188
27121,MN,5.950310707092285
27123,MN,9.719170570373535
27125,MN,7.35189151763916
27127,MN,9.146692276000977
27129,MN,9.46091365814209
27131,MN,8.92887020111084
27133,MN,6.730618000030518
27135,MN,7.055539608001709
27137,MN,5.512007713317871
27139,MN,5.3399977684021
27141,MN,5.39005708694458
27143,MN,9.317432403564453
27145,MN,8.306447982788086
27147,MN,7.481997013092041
27149,MN,6.0154242515563965
27151,MN,9.410703659057617
27153,MN,12.986320495605469
27155,MN,6.717010974884033
27157,MN,6.643786907196045
27159,MN,9.40947437286377
27161,MN,7.015098571777344
27163,MN,3.941260576248169
27165,MN,15.534895896911621
27167,MN,5.10715913772583
27169,MN,6.533511638641357
27171,MN,5.089861869812012
27173,MN,8.727485656738281
28000,MS,15.493731498718262
28001,MS,22.13802146911621
28003,MS,18.680458068847656
28005,MS,18.125415802001953
28007,MS,22.391340255737305
28009,MS,27.41963768005371
28011,MS,22.155397415161133
28013,MS,22.46097755432129
28015,MS,19.813648223876953
28017,MS,24.590309143066406
28019,MS,19.536653518676758
28021,MS,19.662057876586914
28023,MS,17.117944717407227
28025,MS,18.280853271484375
28027,MS,20.47358512878418
28029,MS,19.753738403320312
28031,MS,16.77642059326172
28033,MS,9.565664291381836
28035,MS,12.626543045043945
28037,MS,15.409279823303223
28039,MS,15.683000564575195
28041,MS,23.795427322387695
28043,MS,19.17798614501953
28045,MS,12.532683372497559
28047,MS,11.717942237854004
28049,MS,12.451635360717773
28051,MS,23.214284896850586
28053,MS,30.149917602539062
28055,MS,39.4594612121582
28057,MS,20.921354293823242
28059,MS,11.281718254089355
28061,MS,15.825627326965332
28063,MS,22.037036895751953
28065,MS,17.584213256835938
28067,MS,15.912480354309082
28069,MS,17.851852416992188
28071,MS,9.581926345825195
28073,MS,10.55144214630127
28075,MS,15.482426643371582
28077,MS,18.280702590942383
28079,MS,21.407703399658203
28081,MS,16.35748291015625
28083,MS,18.378925323486328
28085,MS,13.651803970336914
28087,MS,13.96881103515625
28089,MS,8.25887393951416
28091,MS,18.48992156982422
28093,MS,17.94064712524414
28095,MS,19.029157638549805
28097,MS,22.082984924316406
28099,MS,19.715885162353516
28101,MS,14.778037071228027
28103,MS,29.079648971557617
28105,MS,9.294672966003418
28107,MS,19.434253692626953
28109,MS,16.214427947998047
28111,MS,17.037399291992188
28113,MS,16.830398559570312
28115,MS,23.493419647216797
28117,MS,19.90079116821289
28119,MS,28.665977478027344
28121,MS,10.549283027648926
28123,MS,25.997180938720703
28125,MS,22.511117935180664
28127,MS,20.296297073364258
28129,MS,20.776857376098633
28131,MS,17.78623390197754
28133,MS,25.135738372802734
28135,MS,30.5120906829834
28137,MS,17.010419845581055
28139,MS,20.14800262451172
28141,MS,19.62335968017578
28143,MS,16.451902389526367
28145,MS,21.912559509277344
28147,MS,18.322341918945312
28149,MS,12.870782852172852
28151,MS,21.163896560668945
28153,MS,20.746950149536133
28155,MS,15.100317001342773
28157,MS,25.18459129333496
28159,MS,18.316482543945312
28161,MS,16.73464584350586
28163,MS,21.11184310913086
29000,MO,10.078579902648926
29001,MO,9.884751319885254
29003,MO,8.287564277648926
29005,MO,8.529712677001953
29007,MO,13.837838172912598
29009,MO,16.399839401245117
29011,MO,12.846534729003906
29013,MO,12.631017684936523
29015,MO,15.511059761047363
29017,MO,20.24547004699707
29019,MO,5.451673984527588
29021,MO,11.695838928222656
29023,MO,16.98603057861328
29025,MO,10.212008476257324
29027,MO,13.793440818786621
29029,MO,9.556344032287598
29031,MO,8.974663734436035
29033,MO,14.16504192352295
29035,MO,15.208136558532715
29037,MO,7.578272342681885
29039,MO,12.316384315490723
29041,MO,9.270516395568848
29043,MO,7.967382907867432
29045,MO,13.731218338012695
29047,MO,6.659738540649414
29049,MO,8.03653621673584
29051,MO,7.712897300720215
29053,MO,11.304062843322754
29055,MO,22.107646942138672
29057,MO,12.822861671447754
29059,MO,16.591461181640625
29061,MO,15.03528118133545
29063,MO,12.669297218322754
29065,MO,16.783153533935547
29067,MO,17.90252113342285
29069,MO,23.74317169189453
29071,MO,11.571300506591797
29073,MO,12.161274909973145
29075,MO,10.809003829956055
29077,MO,8.249306678771973
29079,MO,13.542283058166504
29081,MO,11.769730567932129
29083,MO,12.178332328796387
29085,MO,15.736454963684082
29087,MO,8.930204391479492
29089,MO,12.103174209594727
29091,MO,12.957612991333008
29093,MO,18.494359970092773
29095,MO,9.387716293334961
29097,MO,13.253165245056152
29099,MO,10.862530708312988
29101,MO,7.523709774017334
29103,MO,13.126402854919434
29105,MO,14.822771072387695
29107,MO,9.446770668029785
29109,MO,15.318180084228516
29111,MO,11.504152297973633
29113,MO,10.505212783813477
29115,MO,10.624170303344727
29117,MO,13.329599380493164
29119,MO,22.4489803314209
29121,MO,11.792182922363281
29123,MO,15.641085624694824
29125,MO,13.4889554977417
29127,MO,11.992926597595215
29129,MO,11.601982116699219
29131,MO,12.689766883850098
29133,MO,24.286006927490234
29135,MO,14.632122039794922
29137,MO,10.713132858276367
29139,MO,14.765920639038086
29141,MO,21.859718322753906
29143,MO,21.273433685302734
29145,MO,12.86902141571045
29147,MO,7.729313850402832
29149,MO,16.917343139648438
29151,MO,10.114297866821289
29153,MO,17.67786979675293
29155,MO,22.2426815032959
29157,MO,12.306289672851562
29159,MO,13.540077209472656
29161,MO,11.739490509033203
29163,MO,15.809196472167969
29165,MO,4.214940071105957
29167,MO,11.597051620483398
29169,MO,7.154707431793213
29171,MO,9.543817520141602
29173,MO,10.28704833984375
29175,MO,13.118379592895508
29177,MO,11.884496688842773
29179,MO,20.181699752807617
29181,MO,20.077707290649414
29183,MO,5.210270404815674
29185,MO,15.472944259643555
29186,MO,10.5899076461792
29187,MO,15.237934112548828
29189,MO,6.504749298095703
29195,MO,15.987793922424316
29197,MO,12.433333396911621
29199,MO,20.07133674621582
29201,MO,15.035164833068848
29203,MO,20.013660430908203
29205,MO,9.295570373535156
29207,MO,19.126667022705078
29209,MO,12.825864791870117
29211,MO,15.703805923461914
29213,MO,11.084781646728516
29215,MO,16.37226104736328
29217,MO,11.652186393737793
29219,MO,11.306777000427246
29221,MO,23.05961036682129
29223,MO,23.767051696777344
29225,MO,13.900827407836914
29227,MO,10.1694917678833
29229,MO,19.563446044921875
29510,MO,12.235032081604004
30000,MT,6.449650764465332
30001,MT,4.856339931488037
30003,MT,10.472306251525879
30005,MT,10.072639465332031
30007,MT,6.833022594451904
30009,MT,5.810661315917969
30011,MT,7.461139678955078
30013,MT,8.225092887878418
30015,MT,7.355561256408691
30017,MT,8.013598442077637
30019,MT,4.676539421081543
30021,MT,6.960923671722412
30023,MT,8.94250202178955
30025,MT,5.366098403930664
30027,MT,7.300695896148682
30029,MT,5.289644241333008
30031,MT,3.208928108215332
30033,MT,2.72851300239563
30035,MT,10.439695358276367
30037,MT,8.034188270568848
30039,MT,7.823960781097412
30041,MT,9.341035842895508
30043,MT,5.729829788208008
30045,MT,5.5967631340026855
30047,MT,8.175734519958496
30049,MT,4.3681488037109375
30051,MT,29.821531295776367
30053,MT,10.369384765625
30055,MT,7.485760688781738
30057,MT,4.591759204864502
30059,MT,4.790419101715088
30061,MT,11.128478050231934
30063,MT,4.358344078063965
30065,MT,8.472183227539062
30067,MT,5.507153511047363
30069,MT,1.1428571939468384
30071,MT,9.12560749053955
30073,MT,7.0162482261657715
30075,MT,5.930807113647461
30077,MT,10.64351749420166
30079,MT,12.039045333862305
30081,MT,8.379551887512207
30083,MT,7.710940837860107
30085,MT,12.463138580322266
30087,MT,10.001736640930176
30089,MT,11.154664993286133
30091,MT,8.11559772491455
30093,MT,7.490100383758545
30095,MT,6.049400806427002
30097,MT,5.431192874908447
30099,MT,8.009592056274414
30101,MT,11.23814868927002
30103,MT,10.192307472229004
30105,MT,6.1160383224487305
30107,MT,18.17538833618164
30109,MT,11.325611114501953
30111,MT,5.871742248535156
30113,MT,
31000,NE,8.595745086669922
31001,NE,9.986379623413086
31003,NE,7.0275187492370605
31005,NE,6.29370641708374
31007,NE,3.0303030014038086
31009,NE,4.986149787902832
31011,NE,5.077805042266846
31013,NE,9.330820083618164
31015,NE,3.991741180419922
31017,NE,4.870419979095459
31019,NE,6.919155120849609
31021,NE,8.700345039367676
31023,NE,6.9805192947387695
31025,NE,5.643798351287842
31027,NE,7.508294105529785
31029,NE,11.925233840942383
31031,NE,5.039525508880615
31033,NE,6.4487104415893555
31035,NE,8.493475914001465
31037,NE,30.741573333740234
31039,NE,11.638641357421875
31041,NE,6.565656661987305
31043,NE,23.464717864990234
31045,NE,3.938520669937134
31047,NE,22.042552947998047
31049,NE,10.7908353805542
31051,NE,12.076544761657715
31053,NE,11.101160049438477
31055,NE,9.44748592376709
31057,NE,16.884113311767578
31059,NE,7.8947367668151855
31061,NE,7.534552097320557
31063,NE,4.0726470947265625
31065,NE,11.25
31067,NE,10.011833190917969
31069,NE,5.898681640625
31071,NE,3.6759700775146484
31073,NE,7.043147087097168
31075,NE,3.0042917728424072
31077,NE,6.08433723449707
31079,NE,15.373456954956055
31081,NE,4.921664714813232
31083,NE,6.972789287567139
31085,NE,9.770992279052734
31087,NE,7.8528828620910645
31089,NE,6.498503684997559
31091,NE,6.457925796508789
31093,NE,5.106382846832275
31095,NE,8.873785972595215
31097,NE,13.67249584197998
31099,NE,3.575469493865967
31101,NE,8.451883316040039
31103,NE,4.930966377258301
31105,NE,11.277631759643555
31107,NE,7.863628387451172
31109,NE,6.323235511779785
31111,NE,6.470008850097656
31113,NE,5.996758460998535
31115,NE,1.948051929473877
31117,NE,10.83591365814209
31119,NE,9.578460693359375
31121,NE,5.758401393890381
31123,NE,12.514863014221191
31125,NE,6.8487725257873535
31127,NE,8.193506240844727
31129,NE,8.075545310974121
31131,NE,7.227805137634277
31133,NE,12.357216835021973
31135,NE,11.970074653625488
31137,NE,6.702754497528076
31139,NE,4.5848822593688965
31141,NE,11.074873924255371
31143,NE,8.603628158569336
31145,NE,7.4592390060424805
31147,NE,7.756232738494873
31149,NE,3.3398821353912354
31151,NE,16.516347885131836
31153,NE,4.514514923095703
31155,NE,6.79067850112915
31157,NE,12.0057954788208
31159,NE,6.004236221313477
31161,NE,9.445640563964844
31163,NE,7.03019380569458
31165,NE,6.810035705566406
31167,NE,6.349987506866455
31169,NE,7.647222995758057
31171,NE,6.131078243255615
31173,NE,10.91285228729248
31175,NE,7.718008518218994
31177,NE,4.439455509185791
31179,NE,3.9902584552764893
31181,NE,6.188925266265869
31183,NE,4.448105335235596
31185,NE,6.444683074951172
32000,NV,13.309173583984375
32001,NV,8.383874893188477
32003,NV,13.915782928466797
32005,NV,6.7958807945251465
32007,NV,13.659646987915039
32009,NV,11.70610237121582
32011,NV,5.4234771728515625
32013,NV,17.572431564331055
32015,NV,11.702402114868164
32017,NV,13.81632137298584
32019,NV,13.149479866027832
32021,NV,11.001541137695312
32023,NV,13.889458656311035
32027,NV,19.09528350830078
32029,NV,6.361828804016113
32031,NV,11.361948013305664
32033,NV,11.937128067016602
32510,NV,13.022582054138184
33000,NH,6.894038200378418
33001,NH,6.813849449157715
33003,NH,5.822723865509033
33005,NH,6.640221118927002
33007,NH,12.154377937316895
33009,NH,7.156740188598633
33011,NH,7.894411563873291
33013,NH,6.75124454498291
33015,NH,4.868644714355469
33017,NH,7.219827651977539
33019,NH,8.780975341796875
34000,NJ,10.183735847473145
34001,NJ,13.001148223876953
34003,NJ,7.489351272583008
34005,NJ,6.252687454223633
34007,NJ,11.308674812316895
34009,NJ,7.473355293273926
34011,NJ,20.61849594116211
34013,NJ,13.912578582763672
34015,NJ,7.11050271987915
34017,NJ,15.189325332641602
34019,NJ,5.019652843475342
34021,NJ,11.4970064163208
34023,NJ,10.183602333068848
34025,NJ,6.570761203765869
34027,NJ,5.488365650177002
34029,NJ,8.00905990600586
34031,NJ,16.25979232788086
34033,NJ,11.171612739562988
34035,NJ,5.473250389099121
34037,NJ,5.13119649887085
34039,NJ,13.64908504486084
34041,NJ,8.504193305969238
35000,NM,14.411726951599121
35001,NM,11.09099292755127
35003,NM,5.917576789855957
35005,NM,21.789045333862305
35006,NM,16.97364044189453
35007,NM,11.771141052246094
35009,NM,18.104408264160156
35011,NM,15.720523834228516
35013,NM,20.55162811279297
35015,NM,15.56987476348877
35017,NM,12.51441478729248
35019,NM,17.321643829345703
35021,NM,14.647887229919434
35023,NM,17.704477310180664
35025,NM,25.737316131591797
35027,NM,10.513764381408691
35028,NM,2.390648603439331
35029,NM,30.20867156982422
35031,NM,22.753799438476562
35033,NM,10.77316665649414
35035,NM,16.597444534301758
35037,NM,18.088335037231445
35039,NM,13.586671829223633
35041,NM,19.98520278930664
35043,NM,10.089859962463379
35045,NM,15.085942268371582
35047,NM,16.732032775878906
35049,NM,10.66116714477539
35051,NM,16.04079818725586
35053,NM,18.184293746948242
35055,NM,9.866852760314941
35057,NM,15.389616012573242
35059,NM,18.11258316040039
35061,NM,15.532524108886719
36000,NY,13.179301261901855
36001,NY,7.859729290008545
36003,NY,9.22165298461914
36005,NY,27.244375228881836
36007,NY,9.313312530517578
36009,NY,11.152528762817383
36011,NY,12.215888977050781
36013,NY,11.19228744506836
36015,NY,9.70907974243164
36017,NY,11.903098106384277
36019,NY,12.350799560546875
36021,NY,9.718260765075684
36023,NY,9.291667938232422
36025,NY,11.062311172485352
36027,NY,8.93036937713623
36029,NY,8.193429946899414
36031,NY,8.5359468460083
36033,NY,12.610865592956543
36035,NY,12.688790321350098
36037,NY,7.753907203674316
36039,NY,13.317684173583984
36041,NY,22.539949417114258
36043,NY,10.166468620300293
36045,NY,8.968409538269043
36047,NY,17.616374969482422
36049,NY,9.852941513061523
36051,NY,9.393598556518555
36053,NY,7.986741065979004
36055,NY,9.634739875793457
36057,NY,13.167051315307617
36059,NY,8.604971885681152
36061,NY,12.724143981933594
36063,NY,8.808699607849121
36065,NY,11.544317245483398
36067,NY,8.987963676452637
36069,NY,6.095475196838379
36071,NY,10.257645606994629
36073,NY,12.271602630615234
36075,NY,11.80502700805664
36077,NY,8.282630920410156
36079,NY,6.986565589904785
36081,NY,17.978042602539062
36083,NY,8.118315696716309
36085,NY,11.252309799194336
36087,NY,11.792269706726074
36089,NY,11.338738441467285
36091,NY,5.972026348114014
36093,NY,9.293648719787598
36095,NY,10.345600128173828
36097,NY,9.585002899169922
36099,NY,15.208417892456055
36101,NY,9.510031700134277
36103,NY,9.418514251708984
36105,NY,13.257732391357422
36107,NY,8.830988883972168
36109,NY,5.564291954040527
36111,NY,9.262616157531738
36113,NY,8.057199478149414
36115,NY,12.091038703918457
36117,NY,10.848953247070312
36119,NY,11.935237884521484
36121,NY,10.119519233703613
36123,NY,13.626821517944336
37000,NC,12.219548225402832
37001,NC,13.694116592407227
37003,NC,17.6091251373291
37005,NC,22.515140533447266
37007,NC,19.263864517211914
37009,NC,14.875221252441406
37011,NC,16.444011688232422
37013,NC,12.294410705566406
37015,NC,21.624061584472656
37017,NC,18.66421890258789
37019,NC,8.734288215637207
37021,NC,8.935876846313477
37023,NC,18.36553192138672
37025,NC,10.07465934753418
37027,NC,20.04236602783203
37029,NC,13.489184379577637
37031,NC,8.394460678100586
37033,NC,19.557283401489258
37035,NC,14.113061904907227
37037,NC,11.100044250488281
37039,NC,12.797992706298828
37041,NC,13.233905792236328
37043,NC,11.843361854553223
37045,NC,15.775065422058105
37047,NC,17.01603889465332
37049,NC,11.221146583557129
37051,NC,9.0360746383667
37053,NC,9.491886138916016
37055,NC,5.774083614349365
37057,NC,16.086196899414062
37059,NC,12.218437194824219
37061,NC,24.03277587890625
37063,NC,11.6415376663208
37065,NC,18.877635955810547
37067,NC,10.770709991455078
37069,NC,13.825124740600586
37071,NC,15.173929214477539
37073,NC,10.946285247802734
37075,NC,18.144432067871094
37077,NC,15.674385070800781
37079,NC,24.988319396972656
37081,NC,10.940771102905273
37083,NC,21.38490104675293
37085,NC,12.529365539550781
37087,NC,11.997292518615723
37089,NC,10.079649925231934
37091,NC,19.20744514465332
37093,NC,12.921462059020996
37095,NC,19.202518463134766
37097,NC,10.744500160217285
37099,NC,10.636124610900879
37101,NC,13.118651390075684
37103,NC,18.867403030395508
37105,NC,16.530000686645508
37107,NC,20.318574905395508
37109,NC,12.138150215148926
37111,NC,16.097026824951172
37113,NC,10.74899959564209
37115,NC,13.0179443359375
37117,NC,16.641407012939453
37119,NC,9.72046947479248
37121,NC,14.790127754211426
37123,NC,20.518768310546875
37125,NC,9.31506061553955
37127,NC,14.38249397277832
37129,NC,6.753333568572998
37131,NC,19.59581184387207
37133,NC,8.492711067199707
37135,NC,7.2690110206604
37137,NC,12.016088485717773
37139,NC,12.98098373413086
37141,NC,12.216950416564941
37143,NC,13.12921142578125
37145,NC,13.511396408081055
37147,NC,10.74441909790039
37149,NC,9.245389938354492
37151,NC,18.548452377319336
37153,NC,19.13481330871582
37155,NC,22.65835952758789
37157,NC,17.32675552368164
37159,NC,14.356338500976562
37161,NC,16.15868377685547
37163,NC,20.67481803894043
37165,NC,19.80181312561035
37167,NC,14.679494857788086
37169,NC,16.20817756652832
37171,NC,20.514381408691406
37173,NC,20.249156951904297
37175,NC,10.964621543884277
37177,NC,25.992897033691406
37179,NC,10.372109413146973
37181,NC,19.596168518066406
37183,NC,7.003758430480957
37185,NC,18.41924476623535
37187,NC,16.305810928344727
37189,NC,9.218317031860352
37191,NC,15.491568565368652
37193,NC,19.868154525756836
37195,NC,19.728307723999023
37197,NC,17.663328170776367
37199,NC,15.494131088256836
38000,ND,7.351313591003418
38001,ND,5.481120586395264
38003,ND,7.704381942749023
38005,ND,13.701431274414062
38007,ND,10.481586456298828
38009,ND,8.28376293182373
38011,ND,10.938966751098633
38013,ND,7.409879684448242
38015,ND,5.716698169708252
38017,ND,5.179396629333496
38019,ND,8.13097858428955
38021,ND,8.661654472351074
38023,ND,6.6589460372924805
38025,ND,8.947885513305664
38027,ND,10.554885864257812
38029,ND,12.730249404907227
38031,ND,9.655172348022461
38033,ND,7.142857074737549
38035,ND,4.903500080108643
38037,ND,9.914040565490723
38039,ND,10.718358039855957
38041,ND,12.931937217712402
38043,ND,9.157303810119629
38045,ND,13.821138381958008
38047,ND,12.028985977172852
38049,ND,9.231513023376465
38051,ND,18.15907859802246
38053,ND,9.25182056427002
38055,ND,7.553956985473633
38057,ND,8.603407859802246
38059,ND,8.10428237915039
38061,ND,7.645446300506592
38063,ND,8.199725151062012
38065,ND,8.709176063537598
38067,ND,10.441292762756348
38069,ND,6.659939289093018
38071,ND,8.088889122009277
38073,ND,9.007593154907227
38075,ND,4.696789741516113
38077,ND,9.26926326751709
38079,ND,12.456330299377441
38081,ND,8.10234546661377
38083,ND,12.488521575927734
38085,ND,16.32653045654297
38087,ND,9.926470756530762
38089,ND,9.524980545043945
38091,ND,3.6891679763793945
38093,ND,9.116437911987305
38095,ND,8.585546493530273
38097,ND,6.560088157653809
38099,ND,14.629653930664062
38101,ND,6.292196750640869
38103,ND,12.98701286315918
38105,ND,9.516778945922852
39000,OH,9.621356964111328
39001,OH,19.8240909576416
39003,OH,9.697013854980469
39005,OH,11.525347709655762
39007,OH,13.980876922607422
39009,OH,9.97999095916748
39011,OH,7.335869789123535
39013,OH,9.838606834411621
39015,OH,12.135075569152832
39017,OH,9.369955062866211
39019,OH,10.54399299621582
39021,OH,8.83733081817627
39023,OH,11.280553817749023
39025,OH,9.7542085647583
39027,OH,11.6566162109375
39029,OH,11.468192100524902
39031,OH,14.518611907958984
39033,OH,9.839738845825195
39035,OH,10.178306579589844
39037,OH,9.153571128845215
39039,OH,8.844194412231445
39041,OH,3.6087872982025146
39043,OH,8.229086875915527
39045,OH,7.353110313415527
39047,OH,14.321390151977539
39049,OH,8.82977294921875
39051,OH,8.69050121307373
39053,OH,16.014511108398438
39055,OH,9.781713485717773
39057,OH,6.203257083892822
39059,OH,14.463868141174316
39061,OH,8.62827205657959
39063,OH,7.523197174072266
39065,OH,10.534000396728516
39067,OH,13.190519332885742
39069,OH,6.520813465118408
39071,OH,14.905139923095703
39073,OH,10.917008399963379
39075,OH,43.07380294799805
39077,OH,11.475784301757812
39079,OH,16.52025032043457
39081,OH,8.96728229522705
39083,OH,8.719534873962402
39085,OH,7.687799453735352
39087,OH,12.48231315612793
39089,OH,8.487232208251953
39091,OH,7.404200553894043
39093,OH,10.322662353515625
39095,OH,10.726585388183594
39097,OH,13.032763481140137
39099,OH,9.084691047668457
39101,OH,12.097261428833008
39103,OH,4.94158935546875
39105,OH,16.390167236328125
39107,OH,7.861506938934326
39109,OH,8.826991081237793
39111,OH,10.861608505249023
39113,OH,9.909669876098633
39115,OH,14.680301666259766
39117,OH,12.30826473236084
39119,OH,12.235956192016602
39121,OH,15.302619934082031
39123,OH,8.309473991394043
39125,OH,9.511330604553223
39127,OH,12.674286842346191
39129,OH,12.824525833129883
39131,OH,19.797948837280273
39133,OH,7.61933708190918
39135,OH,9.596555709838867
39137,OH,7.249457359313965
39139,OH,13.06808090209961
39141,OH,12.398650169372559
39143,OH,9.634851455688477
39145,OH,15.127656936645508
39147,OH,8.283181190490723
39149,OH,9.758283615112305
39151,OH,8.380234718322754
39153,OH,8.2538480758667
39155,OH,10.60737133026123
39157,OH,14.04212760925293
39159,OH,6.567070484161377
39161,OH,8.714248657226562
39163,OH,19.33333396911621
39165,OH,6.15538215637207
39167,OH,9.401058197021484
39169,OH,13.47970199584961
39171,OH,9.457085609436035
39173,OH,5.6781907081604
39175,OH,8.114323616027832
40000,OK,11.976946830749512
40001,OK,19.24285888671875
40003,OK,14.847861289978027
40005,OK,16.78249168395996
40007,OK,16.207090377807617
40009,OK,14.52071475982666
40011,OK,17.295373916625977
40013,OK,13.606953620910645
40015,OK,14.538029670715332
40017,OK,8.59884262084961
40019,OK,11.969602584838867
40021,OK,13.477903366088867
40023,OK,17.82158660888672
40025,OK,16.933931350708008
40027,OK,8.16912841796875
40029,OK,17.339033126831055
40031,OK,9.962627410888672
40033,OK,15.495086669921875
40035,OK,13.22436809539795
40037,OK,12.629697799682617
40039,OK,12.343860626220703
40041,OK,15.10732650756836
40043,OK,6.203474044799805
40045,OK,14.179104804992676
40047,OK,12.10484790802002
40049,OK,13.693635940551758
40051,OK,9.947362899780273
40053,OK,9.327115058898926
40055,OK,16.139766693115234
40057,OK,20.284509658813477
40059,OK,18.227947235107422
40061,OK,15.259515762329102
40063,OK,17.836383819580078
40065,OK,14.914410591125488
40067,OK,16.816675186157227
40069,OK,13.99812126159668
40071,OK,13.155486106872559
40073,OK,11.727120399475098
40075,OK,15.286108016967773
40077,OK,12.246057510375977
40079,OK,16.4505615234375
40081,OK,12.75306224822998
40083,OK,9.856363296508789
40085,OK,17.61734962463379
40087,OK,9.8878812789917
40089,OK,17.063020706176758
40091,OK,14.167937278747559
40093,OK,11.39118766784668
40095,OK,20.94910430908203
40097,OK,13.476115226745605
40099,OK,15.765580177307129
40101,OK,14.74964427947998
40103,OK,9.512100219726562
40105,OK,11.053876876831055
40107,OK,20.45893669128418
40109,OK,12.605804443359375
40111,OK,13.732572555541992
40113,OK,11.747323989868164
40115,OK,14.683643341064453
40117,OK,11.239142417907715
40119,OK,7.825494289398193
40121,OK,13.022192001342773
40123,OK,10.756316184997559
40125,OK,11.96002197265625
40127,OK,16.825517654418945
40129,OK,11.55555534362793
40131,OK,7.9733195304870605
40133,OK,15.714896202087402
40135,OK,18.715673446655273
40137,OK,12.679505348205566
40139,OK,27.693403244018555
40141,OK,22.51444435119629
40143,OK,10.592984199523926
40145,OK,9.397625923156738
40147,OK,9.611751556396484
40149,OK,9.9429931640625
40151,OK,10.224438667297363
40153,OK,12.25379753112793
41000,OR,9.287845611572266
41001,OR,9.019542694091797
41003,OR,4.087862968444824
41005,OR,6.629430770874023
41007,OR,7.933274745941162
41009,OR,8.684296607971191
41011,OR,11.172996520996094
41013,OR,9.99182415008545
41015,OR,9.708260536193848
41017,OR,6.313460826873779
41019,OR,10.4183988571167
41021,OR,10.042135238647461
41023,OR,11.20751953125
41025,OR,8.416306495666504
41027,OR,18.66277503967285
41029,OR,9.923949241638184
41031,OR,12.965363502502441
41033,OR,9.640763282775879
41035,OR,11.915719032287598
41037,OR,13.507551193237305
41039,OR,8.10225772857666
41041,OR,8.547944068908691
41043,OR,10.529648780822754
41045,OR,18.886920928955078
41047,OR,14.75329303741455
41049,OR,24.240312576293945
41051,OR,8.527644157409668
41053,OR,9.079004287719727
41055,OR,10.711430549621582
41057,OR,10.41592788696289
41059,OR,17.60248565673828
41061,OR,7.2923197746276855
41063,OR,6.890265941619873
41065,OR,13.618230819702148
41067,OR,7.8148298263549805
41069,OR,8.394160270690918
41071,OR,11.057862281799316
42000,PA,9.480545043945312
42001,PA,11.164644241333008
42003,PA,5.425612449645996
42005,PA,9.691357612609863
42007,PA,6.920426845550537
42009,PA,12.056999206542969
42011,PA,13.328255653381348
42013,PA,8.589865684509277
42015,PA,9.893402099609375
42017,PA,6.1088457107543945
42019,PA,5.101534366607666
42021,PA,8.041943550109863
42023,PA,9.32919979095459
42025,PA,10.582291603088379
42027,PA,5.707093238830566
42029,PA,6.353645324707031
42031,PA,9.887283325195312
42033,PA,12.782259941101074
42035,PA,10.675862312316895
42037,PA,9.744492530822754
42039,PA,10.961174964904785
42041,PA,7.661611080169678
42043,PA,10.208450317382812
42045,PA,6.9210381507873535
42047,PA,7.697841644287109
42049,PA,8.672930717468262
42051,PA,11.572336196899414
42053,PA,17.036542892456055
42055,PA,11.7398099899292
42057,PA,12.167047500610352
42059,PA,12.485712051391602
42061,PA,10.540301322937012
42063,PA,10.039416313171387
42065,PA,10.663848876953125
42067,PA,16.699434280395508
42069,PA,8.974238395690918
42071,PA,14.951932907104492
42073,PA,9.244925498962402
42075,PA,12.834040641784668
42077,PA,11.032540321350098
42079,PA,10.173104286193848
42081,PA,9.940133094787598
42083,PA,8.239776611328125
42085,PA,10.09953498840332
42087,PA,15.017874717712402
42089,PA,10.357492446899414
42091,PA,5.584110736846924
42093,PA,9.41397476196289
42095,PA,9.122163772583008
42097,PA,11.982081413269043
42099,PA,12.566485404968262
42101,PA,15.319161415100098
42103,PA,7.013998985290527
42105,PA,12.008247375488281
42107,PA,10.684414863586426
42109,PA,13.409494400024414
42111,PA,11.775842666625977
42113,PA,10.449277877807617
42115,PA,10.173174858093262
42117,PA,9.583776473999023
42119,PA,13.219874382019043
42121,PA,9.813673973083496
42123,PA,7.111050128936768
42125,PA,6.86407470703125
42127,PA,10.435181617736816
42129,PA,5.617653846740723
42131,PA,7.8000407218933105
42133,PA,10.12385368347168
44000,RI,11.186516761779785
44001,RI,9.07253360748291
44003,RI,7.830289840698242
44005,RI,6.013308048248291
44007,RI,14.22984504699707
44009,RI,5.06220817565918
45000,SC,12.488965034484863
45001,SC,18.349105834960938
45003,SC,12.027477264404297
45005,SC,20.201702117919922
45007,SC,14.727320671081543
45009,SC,19.65047264099121
45011,SC,20.201807022094727
45013,SC,7.238220691680908
45015,SC,10.644608497619629
45017,SC,13.817743301391602
45019,SC,8.324847221374512
45021,SC,19.719989776611328
45023,SC,17.895719528198242
45025,SC,23.34984016418457
45027,SC,21.52102279663086
45029,SC,13.421022415161133
45031,SC,17.634435653686523
45033,SC,24.70199966430664
45035,SC,10.300162315368652
45037,SC,17.0699462890625
45039,SC,13.760452270507812
45041,SC,15.017105102539062
45043,SC,12.834457397460938
45045,SC,11.982390403747559
45047,SC,14.80142879486084
45049,SC,19.001235961914062
45051,SC,10.362902641296387
45053,SC,18.201189041137695
45055,SC,12.163092613220215
45057,SC,14.093918800354004
45059,SC,19.05548095703125
45061,SC,18.470867156982422
45063,SC,10.385031700134277
45065,SC,16.60934829711914
45067,SC,21.069414138793945
45069,SC,22.812435150146484
45071,SC,17.98732566833496
45073,SC,15.130242347717285
45075,SC,14.050675392150879
45077,SC,14.67136001586914
45079,SC,8.530229568481445
45081,SC,21.80914306640625
45083,SC,14.30290412902832
45085,SC,14.528756141662598
45087,SC,18.75160026550293
45089,SC,19.852571487426758
45091,SC,9.196366310119629
46000,SD,8.25324535369873
46003,SD,12.95681095123291
46005,SD,15.662153244018555
46007,SD,19.55484962463379
46009,SD,12.591711044311523
46011,SD,4.96024227142334
46013,SD,7.009491443634033
46015,SD,11.108002662658691
46017,SD,21.87802505493164
46019,SD,8.963828086853027
46021,SD,9.973045349121094
46023,SD,11.455431938171387
46025,SD,8.818770408630371
46027,SD,5.0337982177734375
46029,SD,8.492992401123047
46031,SD,16.182212829589844
46033,SD,6.390377998352051
46035,SD,7.874713897705078
46037,SD,10.499360084533691
46039,SD,8.925016403198242
46041,SD,14.631002426147461
46043,SD,11.510083198547363
46045,SD,6.882286548614502
46047,SD,5.60999059677124
46049,SD,6.650689125061035
46051,SD,9.286432266235352
46053,SD,10.602980613708496
46055,SD,6.067251682281494
46057,SD,8.178844451904297
46059,SD,6.093818664550781
46061,SD,7.810993194580078
46063,SD,9.292035102844238
46065,SD,7.759679317474365
46067,SD,12.254705429077148
46069,SD,7.400000095367432
46071,SD,17.58298683166504
46073,SD,10.571808815002441
46075,SD,4.692556858062744
46077,SD,9.261898040771484
46079,SD,9.133516311645508
46081,SD,6.497685432434082
46083,SD,5.184170722961426
46085,SD,10.338982582092285
46087,SD,11.315572738647461
46089,SD,17.614337921142578
46091,SD,7.898749828338623
46093,SD,5.621236801147461
46095,SD,18.367347717285156
46097,SD,10.15936279296875
46099,SD,7.544490814208984
46101,SD,9.58437442779541
46102,SD,26.131206512451172
46103,SD,6.472269058227539
46105,SD,7.583859920501709
46107,SD,7.237635612487793
46109,SD,10.392187118530273
46111,SD,6.638503551483154
46115,SD,8.878399848937988
46117,SD,5.1341352462768555
46119,SD,4.352557182312012
46121,SD,20.130002975463867
46123,SD,9.128205299377441
46125,SD,8.006902694702148
46127,SD,7.372400760650635
46129,SD,10.028653144836426
46135,SD,9.149338722229004
46137,SD,15.86626148223877
47000,TN,12.537142753601074
47001,TN,13.012070655822754
47003,TN,17.919904708862305
47005,TN,17.649551391601562
47007,TN,24.392675399780273
47009,TN,10.87692928314209
47011,TN,14.67525577545166
47013,TN,22.73155403137207
47015,TN,15.465036392211914
47017,TN,15.876801490783691
47019,TN,16.481212615966797
47021,TN,13.014062881469727
47023,TN,14.80479621887207
47025,TN,19.879411697387695
47027,TN,19.685039520263672
47029,TN,19.930938720703125
47031,TN,14.551980972290039
47033,TN,18.809160232543945
47035,TN,14.204014778137207
47037,TN,10.928995132446289
47039,TN,14.070891380310059
47041,TN,19.851274490356445
47043,TN,16.302644729614258
47045,TN,16.127641677856445
47047,TN,13.792986869812012
47049,TN,17.016048431396484
47051,TN,12.499124526977539
47053,TN,14.692680358886719
47055,TN,14.218877792358398
47057,TN,21.359865188598633
47059,TN,15.268816947937012
47061,TN,25.637754440307617
47063,TN,18.697891235351562
47065,TN,10.520179748535156
47067,TN,22.854732513427734
47069,TN,20.355632781982422
47071,TN,18.46982765197754
47073,TN,15.616605758666992
47075,TN,18.014102935791016
47077,TN,17.265668869018555
47079,TN,14.050470352172852
47081,TN,21.445341110229492
47083,TN,22.784151077270508
47085,TN,15.083199501037598
47087,TN,21.830095291137695
47089,TN,14.660209655761719
47091,TN,20.22380256652832
47093,TN,8.28495979309082
47095,TN,27.066335678100586
47097,TN,22.921361923217773
47099,TN,16.61300277709961
47101,TN,15.653406143188477
47103,TN,16.51314353942871
47105,TN,13.81525707244873
47107,TN,15.516873359680176
47109,TN,17.382457733154297
47111,TN,19.71057891845703
47113,TN,11.139286994934082
47115,TN,18.473560333251953
47117,TN,14.581774711608887
47119,TN,9.846686363220215
47121,TN,16.1671199798584
47123,TN,17.563251495361328
47125,TN,7.075460433959961
47127,TN,14.139433860778809
47129,TN,19.74309539794922
47131,TN,16.482585906982422
47133,TN,19.360454559326172
47135,TN,25.148088455200195
47137,TN,25.617284774780273
47139,TN,17.58626365661621
47141,TN,13.424466133117676
47143,TN,19.221202850341797
47145,TN,11.094931602478027
47147,TN,12.835946083068848
47149,TN,8.222369194030762
47151,TN,20.219236373901367
47153,TN,18.42914390563965
47155,TN,15.003090858459473
47157,TN,11.588619232177734
47159,TN,14.736533164978027
47161,TN,12.805575370788574
47163,TN,12.842641830444336
47165,TN,10.256450653076172
47167,TN,12.20432186126709
47169,TN,15.564202308654785
47171,TN,15.018671035766602
47173,TN,22.858381271362305
47175,TN,21.02312469482422
47177,TN,20.527070999145508
47179,TN,11.228658676147461
47181,TN,19.80406379699707
47183,TN,14.861343383789062
47185,TN,16.817455291748047
47187,TN,4.665687084197998
47189,TN,8.410568237304688
48000,TX,16.313875198364258
48001,TX,18.660423278808594
48003,TX,27.747663497924805
48005,TX,18.070711135864258
48007,TX,15.544244766235352
48009,TX,9.662701606750488
48011,TX,13.142857551574707
48013,TX,22.923229217529297
48015,TX,16.04151153564453
48017,TX,23.073318481445312
48019,TX,10.689777374267578
48021,TX,18.075109481811523
48023,TX,14.522494316101074
48025,TX,24.562679290771484
48027,TX,8.967988967895508
48029,TX,15.824079513549805
48031,TX,9.884392738342285
48033,TX,5.263157844543457
48035,TX,13.48237419128418
48037,TX,11.247786521911621
48039,TX,12.067544937133789
48041,TX,12.813398361206055
48043,TX,14.346549034118652
48045,TX,13.931297302246094
48047,TX,31.183591842651367
48049,TX,12.782936096191406
48051,TX,17.49326515197754
48053,TX,11.66161060333252
48055,TX,21.7627010345459
48057,TX,20.681501388549805
48059,TX,11.799979209899902
48061,TX,32.10255432128906
48063,TX,12.807765007019043
48065,TX,6.65371561050415
48067,TX,14.078153610229492
48069,TX,25.852821350097656
48071,TX,11.463797569274902
48073,TX,20.975954055786133
48075,TX,18.018539428710938
48077,TX,9.460174560546875
48079,TX,32.3232307434082
48081,TX,16.266986846923828
48083,TX,13.48625373840332
48085,TX,6.180365085601807
48087,TX,26.144454956054688
48089,TX,16.906124114990234
48091,TX,7.384337902069092
48093,TX,15.473827362060547
48095,TX,32.14013671875
48097,TX,13.935245513916016
48099,TX,12.033238410949707
48101,TX,23.80506134033203
48103,TX,20.503101348876953
48105,TX,22.95358657836914
48107,TX,23.99252700805664
48109,TX,33.68421173095703
48111,TX,29.638660430908203
48113,TX,20.65736961364746
48115,TX,30.084115982055664
48117,TX,26.156923294067383
48119,TX,12.239800453186035
48121,TX,7.496222972869873
48123,TX,19.242265701293945
48125,TX,15.558267593383789
48127,TX,33.59616470336914
48129,TX,11.303555488586426
48131,TX,31.435014724731445
48133,TX,15.578694343566895
48135,TX,24.048418045043945
48137,TX,27.918088912963867
48139,TX,13.807422637939453
48141,TX,21.533641815185547
48143,TX,11.736062049865723
48145,TX,23.089523315429688
48147,TX,14.541709899902344
48149,TX,13.910329818725586
48151,TX,13.858797073364258
48153,TX,25.83554458618164
48155,TX,18.143009185791016
48157,TX,9.385958671569824
48159,TX,8.656880378723145
48161,TX,17.39849090576172
48163,TX,33.84207534790039
48165,TX,38.18358612060547
48167,TX,10.987735748291016
48169,TX,38.434242248535156
48171,TX,11.041547775268555
48173,TX,30.55242347717285
48175,TX,17.008466720581055
48177,TX,23.30293083190918
48179,TX,19.818845748901367
48181,TX,11.271529197692871
48183,TX,15.924381256103516
48185,TX,19.37350082397461
48187,TX,11.285398483276367
48189,TX,23.40547752380371
48191,TX,20.384614944458008
48193,TX,15.971635818481445
48195,TX,32.226505279541016
48197,TX,21.121156692504883
48199,TX,12.035005569458008
48201,TX,18.587011337280273
48203,TX,14.74442195892334
48205,TX,17.435056686401367
48207,TX,29.71556854248047
48209,TX,9.930547714233398
48211,TX,17.915979385375977
48213,TX,16.493423461914062
48215,TX,34.27867889404297
48217,TX,16.493959426879883
48219,TX,23.79099464416504
48221,TX,10.565723419189453
48223,TX,15.083479881286621
48225,TX,18.786422729492188
48227,TX,20.015390396118164
48229,TX,44.4822883605957
48231,TX,15.471357345581055
48233,TX,14.044501304626465
48235,TX,6.833493709564209
48237,TX,17.95252227783203
48239,TX,17.562360763549805
48241,TX,15.009568214416504
48243,TX,21.142520904541016
48245,TX,15.79741382598877
48247,TX,25.485675811767578
48249,TX,25.14396858215332
48251,TX,14.309283256530762
48253,TX,21.645139694213867
48255,TX,24.258861541748047
48257,TX,14.232836723327637
48259,TX,7.2350382804870605
48261,TX,73.56021118164062
48263,TX,14.194914817810059
48265,TX,11.407450675964355
48267,TX,14.903547286987305
48269,TX,20.253164291381836
48271,TX,21.474468231201172
48273,TX,21.550369262695312
48275,TX,18.056713104248047
48277,TX,15.688477516174316
48279,TX,25.10505485534668
48281,TX,9.013605117797852
48283,TX,36.42270278930664
48285,TX,14.38107681274414
48287,TX,15.364044189453125
48289,TX,18.23878288269043
48291,TX,22.650375366210938
48293,TX,18.856861114501953
48295,TX,17.85234832763672
48297,TX,23.09732437133789
48299,TX,14.179680824279785
48301,TX,19.71830940246582
48303,TX,13.822117805480957
48305,TX,24.638822555541992
48307,TX,23.181737899780273
48309,TX,15.080584526062012
48311,TX,7.2580647468566895
48313,TX,19.187358856201172
48315,TX,14.80406379699707
48317,TX,22.613670349121094
48319,TX,12.294795989990234
48321,TX,19.438220977783203
48323,TX,40.4993896484375
48325,TX,16.834245681762695
48327,TX,22.06466293334961
48329,TX,15.488215446472168
48331,TX,18.60200309753418
48333,TX,17.03496551513672
48335,TX,21.331180572509766
48337,TX,14.282570838928223
48339,TX,12.261164665222168
48341,TX,32.69446563720703
48343,TX,11.44186019897461
48345,TX,12.5
48347,TX,17.05949592590332
48349,TX,21.551023483276367
48351,TX,16.649694442749023
48353,TX,17.728181838989258
48355,TX,17.176515579223633
48357,TX,25.564157485961914
48359,TX,9.659541130065918
48361,TX,12.073602676391602
48363,TX,15.826006889343262
48365,TX,17.120895385742188
48367,TX,11.381380081176758
48369,TX,29.17014503479004
48371,TX,30.889604568481445
48373,TX,18.35123062133789
48375,TX,23.014238357543945
48377,TX,46.58807373046875
48379,TX,14.621021270751953
48381,TX,7.654712200164795
48383,TX,17.79310417175293
48385,TX,16.703588485717773
48387,TX,14.62840461730957
48389,TX,30.257143020629883
48391,TX,19.742578506469727
48393,TX,7.3214287757873535
48395,TX,15.475472450256348
48397,TX,7.277482986450195
48399,TX,20.81563377380371
48401,TX,19.36052894592285
48403,TX,15.32542896270752
48405,TX,17.65091896057129
48407,TX,15.49140453338623
48409,TX,20.119447708129883
48411,TX,25.219871520996094
48413,TX,20.426828384399414
48415,TX,21.34458351135254
48417,TX,13.577489852905273
48419,TX,23.566368103027344
48421,TX,20.95375633239746
48423,TX,14.224893569946289
48425,TX,10.356971740722656
48427,TX,46.686519622802734
48429,TX,21.46605110168457
48431,TX,10.580645561218262
48433,TX,18.72469711303711
48435,TX,26.0546875
48437,TX,26.7358341217041
48439,TX,13.888076782226562
48441,TX,10.674345970153809
48443,TX,13.527851104736328
48445,TX,31.614517211914062
48447,TX,13.394495010375977
48449,TX,23.306873321533203
48451,TX,13.730963706970215
48453,TX,10.66759204864502
48455,TX,16.920026779174805
48457,TX,17.980947494506836
48459,TX,14.152059555053711
48461,TX,24.44444465637207
48463,TX,24.18757438659668
48465,TX,31.77411651611328
48467,TX,15.401551246643066
48469,TX,16.20693016052246
48471,TX,13.968710899353027
48473,TX,17.50174903869629
48475,TX,21.373321533203125
48477,TX,13.253576278686523
48479,TX,32.4383430480957
48481,TX,21.730270385742188
48483,TX,19.757173538208008
48485,TX,13.404348373413086
48487,TX,22.82068634033203
48489,TX,34.26594543457031
48491,TX,6.766497611999512
48493,TX,12.4342622756958
48495,TX,30.810928344726562
48497,TX,14.696751594543457
48499,TX,15.272523880004883
48501,TX,36.507286071777344
48503,TX,17.02076530456543
48505,TX,38.08753967285156
48507,TX,33.145355224609375
49000,UT,7.719078063964844
49001,UT,11.073387145996094
49003,UT,6.935600280761719
49005,UT,6.858145713806152
49007,UT,8.43907642364502
49009,UT,5.970149040222168
49011,UT,4.3575944900512695
49013,UT,11.223363876342773
49015,UT,6.210392951965332
49017,UT,7.339715480804443
49019,UT,6.684994697570801
49021,UT,7.061328411102295
49023,UT,8.923222541809082
49025,UT,7.511736869812012
49027,UT,11.896288871765137
49029,UT,1.8695920705795288
49031,UT,9.0
49033,UT,4.318026065826416
49035,UT,9.183904647827148
49037,UT,15.08164119720459
49039,UT,9.753337860107422
49041,UT,9.353715896606445
49043,UT,5.093608379364014
49045,UT,8.730077743530273
49047,UT,14.268630981445312
49049,UT,5.400875091552734
49051,UT,5.405547618865967
49053,UT,7.092789173126221
49055,UT,11.648846626281738
49057,UT,9.356146812438965
50000,VT,7.327793598175049
50001,VT,6.506687641143799
50003,VT,8.828722953796387
50005,VT,8.693634986877441
50007,VT,5.630805015563965
50009,VT,13.205155372619629
50011,VT,9.330924034118652
50013,VT,7.133371353149414
50015,VT,7.177006721496582
50017,VT,8.196643829345703
50019,VT,11.69238567352295
50021,VT,7.402810096740723
50023,VT,6.313772678375244
50025,VT,7.585187911987305
50027,VT,6.56602144241333
51000,VA,10.30569076538086
51001,VA,18.547666549682617
51003,VA,7.936986923217773
51005,VA,14.000712394714355
51007,VA,16.126253128051758
51009,VA,14.364300727844238
51011,VA,14.099333763122559
51013,VA,5.661959171295166
51015,VA,12.633145332336426
51017,VA,9.688691139221191
51019,VA,9.975128173828125
51021,VA,11.425682067871094
51023,VA,7.241351127624512
51025,VA,21.487199783325195
51027,VA,29.91505241394043
51029,VA,20.16727066040039
51031,VA,12.84509563446045
51033,VA,14.929328918457031
51035,VA,19.203094482421875
51036,VA,20.278438568115234
51037,VA,16.79488754272461
51041,VA,7.666504859924316
51043,VA,10.919095993041992
51045,VA,9.167991638183594
51047,VA,13.893902778625488
51049,VA,16.495426177978516
51051,VA,22.599079132080078
51053,VA,16.843080520629883
51057,VA,17.683622360229492
51059,VA,7.520565509796143
51061,VA,7.510037422180176
51063,VA,12.970134735107422
51065,VA,8.918848991394043
51067,VA,11.88084888458252
51069,VA,10.81696891784668
51071,VA,11.071635246276855
51073,VA,10.428449630737305
51075,VA,8.612635612487793
51077,VA,18.748437881469727
51079,VA,13.933579444885254
51081,VA,22.2171688079834
51083,VA,18.548614501953125
51085,VA,6.870960712432861
51087,VA,8.26430606842041
51089,VA,19.922815322875977
51091,VA,11.478910446166992
51093,VA,12.10576343536377
51095,VA,4.909779071807861
51097,VA,11.872845649719238
51099,VA,6.749985694885254
51101,VA,7.928366661071777
51103,VA,9.616053581237793
51105,VA,23.26020622253418
51107,VA,6.1195759773254395
51109,VA,14.771166801452637
51111,VA,22.206144332885742
51113,VA,13.93382740020752
51115,VA,9.481139183044434
51117,VA,18.058979034423828
51119,VA,12.937521934509277
51121,VA,6.7936530113220215
51125,VA,14.254800796508789
51127,VA,7.312567710876465
51131,VA,17.49770164489746
51133,VA,8.950051307678223
51135,VA,20.30327796936035
51137,VA,11.326284408569336
51139,VA,17.35104751586914
51141,VA,19.797740936279297
51143,VA,17.34064483642578
51145,VA,10.138940811157227
51147,VA,14.03374195098877
51149,VA,9.411317825317383
51153,VA,11.523825645446777
51155,VA,12.561104774475098
51157,VA,11.602109909057617
51159,VA,19.360414505004883
51161,VA,7.667821407318115
51163,VA,13.185585975646973
51165,VA,16.031381607055664
51167,VA,19.7440128326416
51169,VA,18.602386474609375
51171,VA,12.969602584838867
51173,VA,16.658517837524414
51175,VA,15.20472240447998
51177,VA,8.837272644042969
51179,VA,6.771687030792236
51181,VA,15.024232864379883
51183,VA,19.666467666625977
51185,VA,18.281475067138672
51187,VA,13.062239646911621
51191,VA,14.273894309997559
51193,VA,15.48025131225586
51195,VA,24.08806800842285
51197,VA,13.808736801147461
51199,VA,5.338265419006348
51510,VA,6.980632305145264
51515,VA,
51520,VA,15.309499740600586
51530,VA,18.89400863647461
51540,VA,8.871393203735352
51550,VA,7.854472637176514
51560,VA,
51570,VA,8.524888038635254
51580,VA,12.675703048706055
51590,VA,18.239479064941406
51595,VA,20.59743881225586
51600,VA,5.985609531402588
51610,VA,1.1169102191925049
51620,VA,13.693161964416504
51630,VA,9.84650993347168
51640,VA,24.337400436401367
51650,VA,8.559747695922852
51660,VA,16.124731063842773
51670,VA,18.67340087890625
51678,VA,8.55799388885498
51680,VA,11.301308631896973
51683,VA,17.278339385986328
51685,VA,17.253807067871094
51690,VA,17.188745498657227
51700,VA,9.015569686889648
51710,VA,12.032978057861328
51720,VA,15.981070518493652
51730,VA,17.174272537231445
51735,VA,5.094562530517578
51740,VA,11.748152732849121
51750,VA,8.841463088989258
51760,VA,14.60232162475586
51770,VA,13.809122085571289
51775,VA,10.848725318908691
51790,VA,10.258444786071777
51800,VA,10.127599716186523
51810,VA,6.458693504333496
51820,VA,13.892512321472168
51830,VA,5.269525527954102
51840,VA,15.898791313171387
53000,WA,8.672708511352539
53001,WA,33.05329895019531
53003,WA,8.646848678588867
53005,WA,9.831196784973145
53007,WA,17.367599487304688
53009,WA,7.514571189880371
53011,WA,7.334781646728516
53013,WA,8.842866897583008
53015,WA,10.739727973937988
53017,WA,17.903091430664062
53019,WA,13.022368431091309
53021,WA,25.028732299804688
53023,WA,5.565862655639648
53025,WA,23.31385612487793
53027,WA,10.316436767578125
53029,WA,4.679782390594482
53031,WA,4.924227714538574
53033,WA,6.88761568069458
53035,WA,5.228984355926514
53037,WA,8.578703880310059
53039,WA,11.996280670166016
53041,WA,12.471405982971191
53043,WA,7.284854888916016
53045,WA,11.369900703430176
53047,WA,16.086956024169922
53049,WA,11.738872528076172
53051,WA,8.859999656677246
53053,WA,8.450787544250488
53055,WA,4.142961502075195
53057,WA,9.81790542602539
53059,WA,8.370244026184082
53061,WA,7.703189849853516
53063,WA,6.169050216674805
53065,WA,9.38554859161377
53067,WA,6.260756969451904
53069,WA,7.888349533081055
53071,WA,11.72472858428955
53073,WA,7.176258087158203
53075,WA,4.54806661605835
53077,WA,26.330421447753906
54000,WV,13.097752571105957
54001,WV,14.686556816101074
54003,WV,10.952056884765625
54005,WV,20.25775718688965
54007,WV,19.55023956298828
54009,WV,9.424920082092285
54011,WV,11.966408729553223
54013,WV,19.4771728515625
54015,WV,22.748971939086914
54017,WV,17.955974578857422
54019,WV,17.211862564086914
54021,WV,14.950584411621094
54023,WV,17.89006805419922
54025,WV,13.952949523925781
54027,WV,15.684100151062012
54029,WV,9.626872062683105
54031,WV,19.72486114501953
54033,WV,11.208931922912598
54035,WV,11.693861961364746
54037,WV,10.186345100402832
54039,WV,11.339653968811035
54041,WV,11.63492202758789
54043,WV,19.086713790893555
54045,WV,20.19446563720703
54047,WV,31.362071990966797
54049,WV,10.583187103271484
54051,WV,7.727430820465088
54053,WV,13.994396209716797
54055,WV,16.500375747680664
54057,WV,7.7804741859436035
54059,WV,24.478200912475586
54061,WV,7.635043621063232
54063,WV,15.453269004821777
54065,WV,14.077045440673828
54067,WV,13.089577674865723
54069,WV,6.514285564422607
54071,WV,18.552207946777344
54073,WV,10.920494079589844
54075,WV,17.39130401611328
54077,WV,13.18929386138916
54079,WV,8.27116584777832
54081,WV,13.456185340881348
54083,WV,14.508587837219238
54085,WV,15.418807983398438
54087,WV,20.93299102783203
54089,WV,14.970901489257812
54091,WV,10.675065040588379
54093,WV,12.216437339782715
54095,WV,10.778535842895508
54097,WV,14.620938301086426
54099,WV,20.27354621887207
54101,WV,20.747966766357422
54103,WV,13.822602272033691
54105,WV,17.11988639831543
54107,WV,10.149904251098633
54109,WV,19.81070899963379
55000,WI,7.791683197021484
55001,WI,12.49844741821289
55003,WI,7.767354488372803
55005,WI,9.801307678222656
55007,WI,4.930863380432129
55009,WI,7.895158767700195
55011,WI,9.130889892578125
55013,WI,6.825735092163086
55015,WI,5.840723514556885
55017,WI,7.235342502593994
55019,WI,17.72758674621582
55021,WI,7.284408092498779
55023,WI,8.652942657470703
55025,WI,4.200901508331299
55027,WI,9.21717357635498
55029,WI,5.6283087730407715
55031,WI,6.270840644836426
55033,WI,6.291451454162598
55035,WI,5.923121452331543
55037,WI,6.926659107208252
55039,WI,8.153751373291016
55041,WI,11.20422077178955
55043,WI,7.746013641357422
55045,WI,7.559701919555664
55047,WI,10.243865966796875
55049,WI,4.783997058868408
55051,WI,5.466027736663818
55053,WI,10.107630729675293
55055,WI,8.208930015563965
55057,WI,11.55487060546875
55059,WI,9.900298118591309
55061,WI,6.880891799926758
55063,WI,5.002915382385254
55065,WI,9.204874038696289
55067,WI,9.747292518615723
55069,WI,8.0118408203125
55071,WI,7.974425792694092
55073,WI,8.16463851928711
55075,WI,8.921920776367188
55077,WI,10.909249305725098
55078,WI,8.095781326293945
55079,WI,11.713522911071777
55081,WI,9.122659683227539
55083,WI,9.567956924438477
55085,WI,6.869469165802002
55087,WI,5.87162971496582
55089,WI,3.160369634628296
55091,WI,9.016393661499023
55093,WI,4.880361080169678
55095,WI,6.167865753173828
55097,WI,6.099228382110596
55099,WI,8.221704483032227
55101,WI,9.533047676086426
55103,WI,9.857666015625
55105,WI,9.239115715026855
55107,WI,12.043156623840332
55109,WI,3.8069748878479004
55111,WI,9.084779739379883
55113,WI,7.662678241729736
55115,WI,8.597671508789062
55117,WI,6.833601951599121
55119,WI,11.6432523727417
55121,WI,9.3271484375
55123,WI,10.603557586669922
55125,WI,6.281127452850342
55127,WI,9.159274101257324
55129,WI,7.7669901847839355
55131,WI,5.119880676269531
55133,WI,3.770127534866333
55135,WI,8.162111282348633
55137,WI,13.231189727783203
55139,WI,7.134522438049316
55141,WI,7.29296350479126
56000,WY,6.8340349197387695
56001,WY,4.050845146179199
56003,WY,10.328521728515625
56005,WY,7.0761542320251465
56007,WY,8.983926773071289
56009,WY,9.207483291625977
56011,WY,7.336799621582031
56013,WY,7.885115623474121
56015,WY,7.872589588165283
56017,WY,5.314846992492676
56019,WY,4.021757125854492
56021,WY,6.998288154602051
56023,WY,7.2199625968933105
56025,WY,7.53370475769043
56027,WY,12.903225898742676
56029,WY,4.460071086883545
56031,WY,8.918173789978027
56033,WY,4.672548294067383
56035,WY,4.009988307952881
56037,WY,7.213360786437988
56039,WY,4.814408779144287
56041,WY,7.258562088012695
56043,WY,10.241615295410156
56045,WY,6.349518299102783
72000,PR,23.452327728271484
72001,PR,34.6800537109375
72003,PR,34.32802963256836
72005,PR,26.150230407714844
72007,PR,29.331649780273438
72009,PR,21.939393997192383
72011,PR,30.43231201171875
72013,PR,23.167755126953125
72015,PR,20.76102066040039
72017,PR,25.93450927734375
72019,PR,27.26935386657715
72021,PR,19.280073165893555
72023,PR,29.664785385131836
72025,PR,18.550559997558594
72027,PR,28.99839973449707
72029,PR,24.94056510925293
72031,PR,15.433637619018555
72033,PR,26.46469497680664
72035,PR,24.571264266967773
72037,PR,26.7615909576416
72039,PR,32.868507385253906
72041,PR,23.917192459106445
72043,PR,22.10135841369629
72045,PR,29.72106170654297
72047,PR,30.67405128479004
72049,PR,29.648759841918945
72051,PR,19.056804656982422
72053,PR,19.92557144165039
72054,PR,22.41550636291504
72055,PR,30.084257125854492
72057,PR,23.122718811035156
72059,PR,23.131040573120117
72061,PR,15.537243843078613
72063,PR,19.70220375061035
72065,PR,27.40216064453125
72067,PR,23.588878631591797
72069,PR,23.369449615478516
72071,PR,29.481447219848633
72073,PR,24.409849166870117
72075,PR,22.968759536743164
72077,PR,24.517221450805664
72079,PR,37.272220611572266
72081,PR,35.437339782714844
72083,PR,45.586708068847656
72085,PR,22.164167404174805
72087,PR,25.035036087036133
72089,PR,23.027135848999023
72091,PR,27.397912979125977
72093,PR,48.16862487792969
72095,PR,33.517757415771484
72097,PR,28.063453674316406
72099,PR,30.613384246826172
72101,PR,29.486392974853516
72103,PR,26.41786003112793
72105,PR,29.2319393157959
72107,PR,32.279232025146484
72109,PR,26.945079803466797
72111,PR,26.207799911499023
72113,PR,21.90276527404785
72115,PR,26.076583862304688
72117,PR,32.87279510498047
72119,PR,21.877046585083008
72121,PR,25.684974670410156
72123,PR,26.223703384399414
72125,PR,28.368026733398438
72127,PR,18.66119956970215
72129,PR,28.10711097717285
72131,PR,32.216400146484375
72133,PR,16.165130615234375
72135,PR,17.434078216552734
72137,PR,18.858028411865234
72139,PR,15.585443496704102
72141,PR,27.77097511291504
72143,PR,26.98716926574707
72145,PR,28.428237915039062
72147,PR,28.77328109741211
72149,PR,21.993263244628906
72151,PR,29.04889678955078
72153,PR,26.556697845458984
